[
{
 "pk": 1, 
 "model": "auth.permission", 
 "fields": {
  "codename": "add_logentry", 
  "name": "Can add log entry", 
  "content_type": 1
 }
}, 
{
 "pk": 2, 
 "model": "auth.permission", 
 "fields": {
  "codename": "change_logentry", 
  "name": "Can change log entry", 
  "content_type": 1
 }
}, 
{
 "pk": 3, 
 "model": "auth.permission", 
 "fields": {
  "codename": "delete_logentry", 
  "name": "Can delete log entry", 
  "content_type": 1
 }
}, 
{
 "pk": 4, 
 "model": "auth.permission", 
 "fields": {
  "codename": "add_group", 
  "name": "Can add group", 
  "content_type": 3
 }
}, 
{
 "pk": 7, 
 "model": "auth.permission", 
 "fields": {
  "codename": "change_group", 
  "name": "Can change group", 
  "content_type": 3
 }
}, 
{
 "pk": 10, 
 "model": "auth.permission", 
 "fields": {
  "codename": "delete_group", 
  "name": "Can delete group", 
  "content_type": 3
 }
}, 
{
 "pk": 5, 
 "model": "auth.permission", 
 "fields": {
  "codename": "add_permission", 
  "name": "Can add permission", 
  "content_type": 2
 }
}, 
{
 "pk": 8, 
 "model": "auth.permission", 
 "fields": {
  "codename": "change_permission", 
  "name": "Can change permission", 
  "content_type": 2
 }
}, 
{
 "pk": 11, 
 "model": "auth.permission", 
 "fields": {
  "codename": "delete_permission", 
  "name": "Can delete permission", 
  "content_type": 2
 }
}, 
{
 "pk": 89, 
 "model": "auth.permission", 
 "fields": {
  "codename": "add_author", 
  "name": "Can add author", 
  "content_type": 4
 }
}, 
{
 "pk": 6, 
 "model": "auth.permission", 
 "fields": {
  "codename": "add_user", 
  "name": "Can add user", 
  "content_type": 4
 }
}, 
{
 "pk": 92, 
 "model": "auth.permission", 
 "fields": {
  "codename": "change_author", 
  "name": "Can change author", 
  "content_type": 4
 }
}, 
{
 "pk": 9, 
 "model": "auth.permission", 
 "fields": {
  "codename": "change_user", 
  "name": "Can change user", 
  "content_type": 4
 }
}, 
{
 "pk": 97, 
 "model": "auth.permission", 
 "fields": {
  "codename": "delete_author", 
  "name": "Can delete author", 
  "content_type": 4
 }
}, 
{
 "pk": 12, 
 "model": "auth.permission", 
 "fields": {
  "codename": "delete_user", 
  "name": "Can delete user", 
  "content_type": 4
 }
}, 
{
 "pk": 203, 
 "model": "auth.permission", 
 "fields": {
  "codename": "add_conditionsection", 
  "name": "Can add condition section", 
  "content_type": 68
 }
}, 
{
 "pk": 208, 
 "model": "auth.permission", 
 "fields": {
  "codename": "change_conditionsection", 
  "name": "Can change condition section", 
  "content_type": 68
 }
}, 
{
 "pk": 213, 
 "model": "auth.permission", 
 "fields": {
  "codename": "delete_conditionsection", 
  "name": "Can delete condition section", 
  "content_type": 68
 }
}, 
{
 "pk": 204, 
 "model": "auth.permission", 
 "fields": {
  "codename": "add_sightingvalidationcondition", 
  "name": "Can add sighting validation condition", 
  "content_type": 69
 }
}, 
{
 "pk": 209, 
 "model": "auth.permission", 
 "fields": {
  "codename": "change_sightingvalidationcondition", 
  "name": "Can change sighting validation condition", 
  "content_type": 69
 }
}, 
{
 "pk": 214, 
 "model": "auth.permission", 
 "fields": {
  "codename": "delete_sightingvalidationcondition", 
  "name": "Can delete sighting validation condition", 
  "content_type": 69
 }
}, 
{
 "pk": 205, 
 "model": "auth.permission", 
 "fields": {
  "codename": "add_sightingvalidationrule", 
  "name": "Can add sighting validation rule", 
  "content_type": 70
 }
}, 
{
 "pk": 210, 
 "model": "auth.permission", 
 "fields": {
  "codename": "change_sightingvalidationrule", 
  "name": "Can change sighting validation rule", 
  "content_type": 70
 }
}, 
{
 "pk": 215, 
 "model": "auth.permission", 
 "fields": {
  "codename": "delete_sightingvalidationrule", 
  "name": "Can delete sighting validation rule", 
  "content_type": 70
 }
}, 
{
 "pk": 206, 
 "model": "auth.permission", 
 "fields": {
  "codename": "add_validationmessagetemplate", 
  "name": "Can add validation message template", 
  "content_type": 67
 }
}, 
{
 "pk": 211, 
 "model": "auth.permission", 
 "fields": {
  "codename": "change_validationmessagetemplate", 
  "name": "Can change validation message template", 
  "content_type": 67
 }
}, 
{
 "pk": 216, 
 "model": "auth.permission", 
 "fields": {
  "codename": "delete_validationmessagetemplate", 
  "name": "Can delete validation message template", 
  "content_type": 67
 }
}, 
{
 "pk": 207, 
 "model": "auth.permission", 
 "fields": {
  "codename": "add_validationresponse", 
  "name": "Can add validation response", 
  "content_type": 71
 }
}, 
{
 "pk": 212, 
 "model": "auth.permission", 
 "fields": {
  "codename": "change_validationresponse", 
  "name": "Can change validation response", 
  "content_type": 71
 }
}, 
{
 "pk": 217, 
 "model": "auth.permission", 
 "fields": {
  "codename": "delete_validationresponse", 
  "name": "Can delete validation response", 
  "content_type": 71
 }
}, 
{
 "pk": 218, 
 "model": "auth.permission", 
 "fields": {
  "codename": "add_homepagecontent", 
  "name": "Can add homepage content", 
  "content_type": 72
 }
}, 
{
 "pk": 222, 
 "model": "auth.permission", 
 "fields": {
  "codename": "change_homepagecontent", 
  "name": "Can change homepage content", 
  "content_type": 72
 }
}, 
{
 "pk": 226, 
 "model": "auth.permission", 
 "fields": {
  "codename": "delete_homepagecontent", 
  "name": "Can delete homepage content", 
  "content_type": 72
 }
}, 
{
 "pk": 219, 
 "model": "auth.permission", 
 "fields": {
  "codename": "add_page", 
  "name": "Can add page", 
  "content_type": 74
 }
}, 
{
 "pk": 223, 
 "model": "auth.permission", 
 "fields": {
  "codename": "change_page", 
  "name": "Can change page", 
  "content_type": 74
 }
}, 
{
 "pk": 227, 
 "model": "auth.permission", 
 "fields": {
  "codename": "delete_page", 
  "name": "Can delete page", 
  "content_type": 74
 }
}, 
{
 "pk": 220, 
 "model": "auth.permission", 
 "fields": {
  "codename": "add_sitecopy", 
  "name": "Can add site copy", 
  "content_type": 75
 }
}, 
{
 "pk": 224, 
 "model": "auth.permission", 
 "fields": {
  "codename": "change_sitecopy", 
  "name": "Can change site copy", 
  "content_type": 75
 }
}, 
{
 "pk": 228, 
 "model": "auth.permission", 
 "fields": {
  "codename": "delete_sitecopy", 
  "name": "Can delete site copy", 
  "content_type": 75
 }
}, 
{
 "pk": 221, 
 "model": "auth.permission", 
 "fields": {
  "codename": "add_sitewidecontent", 
  "name": "Can add sitewide content", 
  "content_type": 73
 }
}, 
{
 "pk": 225, 
 "model": "auth.permission", 
 "fields": {
  "codename": "change_sitewidecontent", 
  "name": "Can change sitewide content", 
  "content_type": 73
 }
}, 
{
 "pk": 229, 
 "model": "auth.permission", 
 "fields": {
  "codename": "delete_sitewidecontent", 
  "name": "Can delete sitewide content", 
  "content_type": 73
 }
}, 
{
 "pk": 76, 
 "model": "auth.permission", 
 "fields": {
  "codename": "add_comment", 
  "name": "Can add comment", 
  "content_type": 26
 }
}, 
{
 "pk": 82, 
 "model": "auth.permission", 
 "fields": {
  "codename": "can_moderate", 
  "name": "Can moderate comments", 
  "content_type": 26
 }
}, 
{
 "pk": 78, 
 "model": "auth.permission", 
 "fields": {
  "codename": "change_comment", 
  "name": "Can change comment", 
  "content_type": 26
 }
}, 
{
 "pk": 80, 
 "model": "auth.permission", 
 "fields": {
  "codename": "delete_comment", 
  "name": "Can delete comment", 
  "content_type": 26
 }
}, 
{
 "pk": 77, 
 "model": "auth.permission", 
 "fields": {
  "codename": "add_commentflag", 
  "name": "Can add comment flag", 
  "content_type": 27
 }
}, 
{
 "pk": 79, 
 "model": "auth.permission", 
 "fields": {
  "codename": "change_commentflag", 
  "name": "Can change comment flag", 
  "content_type": 27
 }
}, 
{
 "pk": 81, 
 "model": "auth.permission", 
 "fields": {
  "codename": "delete_commentflag", 
  "name": "Can delete comment flag", 
  "content_type": 27
 }
}, 
{
 "pk": 13, 
 "model": "auth.permission", 
 "fields": {
  "codename": "add_contenttype", 
  "name": "Can add content type", 
  "content_type": 5
 }
}, 
{
 "pk": 14, 
 "model": "auth.permission", 
 "fields": {
  "codename": "change_contenttype", 
  "name": "Can change content type", 
  "content_type": 5
 }
}, 
{
 "pk": 15, 
 "model": "auth.permission", 
 "fields": {
  "codename": "delete_contenttype", 
  "name": "Can delete content type", 
  "content_type": 5
 }
}, 
{
 "pk": 40, 
 "model": "auth.permission", 
 "fields": {
  "codename": "add_facebooklike", 
  "name": "Can add facebook like", 
  "content_type": 15
 }
}, 
{
 "pk": 43, 
 "model": "auth.permission", 
 "fields": {
  "codename": "change_facebooklike", 
  "name": "Can change facebook like", 
  "content_type": 15
 }
}, 
{
 "pk": 46, 
 "model": "auth.permission", 
 "fields": {
  "codename": "delete_facebooklike", 
  "name": "Can delete facebook like", 
  "content_type": 15
 }
}, 
{
 "pk": 41, 
 "model": "auth.permission", 
 "fields": {
  "codename": "add_facebookprofile", 
  "name": "Can add facebook profile", 
  "content_type": 16
 }
}, 
{
 "pk": 44, 
 "model": "auth.permission", 
 "fields": {
  "codename": "change_facebookprofile", 
  "name": "Can change facebook profile", 
  "content_type": 16
 }
}, 
{
 "pk": 47, 
 "model": "auth.permission", 
 "fields": {
  "codename": "delete_facebookprofile", 
  "name": "Can delete facebook profile", 
  "content_type": 16
 }
}, 
{
 "pk": 42, 
 "model": "auth.permission", 
 "fields": {
  "codename": "add_facebookuser", 
  "name": "Can add facebook user", 
  "content_type": 14
 }
}, 
{
 "pk": 45, 
 "model": "auth.permission", 
 "fields": {
  "codename": "change_facebookuser", 
  "name": "Can change facebook user", 
  "content_type": 14
 }
}, 
{
 "pk": 48, 
 "model": "auth.permission", 
 "fields": {
  "codename": "delete_facebookuser", 
  "name": "Can delete facebook user", 
  "content_type": 14
 }
}, 
{
 "pk": 52, 
 "model": "auth.permission", 
 "fields": {
  "codename": "add_crontabschedule", 
  "name": "Can add crontab", 
  "content_type": 21
 }
}, 
{
 "pk": 60, 
 "model": "auth.permission", 
 "fields": {
  "codename": "change_crontabschedule", 
  "name": "Can change crontab", 
  "content_type": 21
 }
}, 
{
 "pk": 68, 
 "model": "auth.permission", 
 "fields": {
  "codename": "delete_crontabschedule", 
  "name": "Can delete crontab", 
  "content_type": 21
 }
}, 
{
 "pk": 53, 
 "model": "auth.permission", 
 "fields": {
  "codename": "add_intervalschedule", 
  "name": "Can add interval", 
  "content_type": 20
 }
}, 
{
 "pk": 61, 
 "model": "auth.permission", 
 "fields": {
  "codename": "change_intervalschedule", 
  "name": "Can change interval", 
  "content_type": 20
 }
}, 
{
 "pk": 69, 
 "model": "auth.permission", 
 "fields": {
  "codename": "delete_intervalschedule", 
  "name": "Can delete interval", 
  "content_type": 20
 }
}, 
{
 "pk": 54, 
 "model": "auth.permission", 
 "fields": {
  "codename": "add_periodictask", 
  "name": "Can add periodic task", 
  "content_type": 23
 }
}, 
{
 "pk": 62, 
 "model": "auth.permission", 
 "fields": {
  "codename": "change_periodictask", 
  "name": "Can change periodic task", 
  "content_type": 23
 }
}, 
{
 "pk": 70, 
 "model": "auth.permission", 
 "fields": {
  "codename": "delete_periodictask", 
  "name": "Can delete periodic task", 
  "content_type": 23
 }
}, 
{
 "pk": 55, 
 "model": "auth.permission", 
 "fields": {
  "codename": "add_periodictasks", 
  "name": "Can add periodic tasks", 
  "content_type": 22
 }
}, 
{
 "pk": 63, 
 "model": "auth.permission", 
 "fields": {
  "codename": "change_periodictasks", 
  "name": "Can change periodic tasks", 
  "content_type": 22
 }
}, 
{
 "pk": 71, 
 "model": "auth.permission", 
 "fields": {
  "codename": "delete_periodictasks", 
  "name": "Can delete periodic tasks", 
  "content_type": 22
 }
}, 
{
 "pk": 58, 
 "model": "auth.permission", 
 "fields": {
  "codename": "add_taskmeta", 
  "name": "Can add task state", 
  "content_type": 18
 }
}, 
{
 "pk": 66, 
 "model": "auth.permission", 
 "fields": {
  "codename": "change_taskmeta", 
  "name": "Can change task state", 
  "content_type": 18
 }
}, 
{
 "pk": 74, 
 "model": "auth.permission", 
 "fields": {
  "codename": "delete_taskmeta", 
  "name": "Can delete task state", 
  "content_type": 18
 }
}, 
{
 "pk": 56, 
 "model": "auth.permission", 
 "fields": {
  "codename": "add_tasksetmeta", 
  "name": "Can add saved group result", 
  "content_type": 19
 }
}, 
{
 "pk": 64, 
 "model": "auth.permission", 
 "fields": {
  "codename": "change_tasksetmeta", 
  "name": "Can change saved group result", 
  "content_type": 19
 }
}, 
{
 "pk": 72, 
 "model": "auth.permission", 
 "fields": {
  "codename": "delete_tasksetmeta", 
  "name": "Can delete saved group result", 
  "content_type": 19
 }
}, 
{
 "pk": 57, 
 "model": "auth.permission", 
 "fields": {
  "codename": "add_taskstate", 
  "name": "Can add task", 
  "content_type": 25
 }
}, 
{
 "pk": 65, 
 "model": "auth.permission", 
 "fields": {
  "codename": "change_taskstate", 
  "name": "Can change task", 
  "content_type": 25
 }
}, 
{
 "pk": 73, 
 "model": "auth.permission", 
 "fields": {
  "codename": "delete_taskstate", 
  "name": "Can delete task", 
  "content_type": 25
 }
}, 
{
 "pk": 59, 
 "model": "auth.permission", 
 "fields": {
  "codename": "add_workerstate", 
  "name": "Can add worker", 
  "content_type": 24
 }
}, 
{
 "pk": 67, 
 "model": "auth.permission", 
 "fields": {
  "codename": "change_workerstate", 
  "name": "Can change worker", 
  "content_type": 24
 }
}, 
{
 "pk": 75, 
 "model": "auth.permission", 
 "fields": {
  "codename": "delete_workerstate", 
  "name": "Can delete worker", 
  "content_type": 24
 }
}, 
{
 "pk": 25, 
 "model": "auth.permission", 
 "fields": {
  "codename": "add_emailaddress", 
  "name": "Can add email address", 
  "content_type": 9
 }
}, 
{
 "pk": 27, 
 "model": "auth.permission", 
 "fields": {
  "codename": "change_emailaddress", 
  "name": "Can change email address", 
  "content_type": 9
 }
}, 
{
 "pk": 29, 
 "model": "auth.permission", 
 "fields": {
  "codename": "delete_emailaddress", 
  "name": "Can delete email address", 
  "content_type": 9
 }
}, 
{
 "pk": 26, 
 "model": "auth.permission", 
 "fields": {
  "codename": "add_emailconfirmation", 
  "name": "Can add email confirmation", 
  "content_type": 10
 }
}, 
{
 "pk": 28, 
 "model": "auth.permission", 
 "fields": {
  "codename": "change_emailconfirmation", 
  "name": "Can change email confirmation", 
  "content_type": 10
 }
}, 
{
 "pk": 30, 
 "model": "auth.permission", 
 "fields": {
  "codename": "delete_emailconfirmation", 
  "name": "Can delete email confirmation", 
  "content_type": 10
 }
}, 
{
 "pk": 194, 
 "model": "auth.permission", 
 "fields": {
  "codename": "add_faq", 
  "name": "Can add faq", 
  "content_type": 66
 }
}, 
{
 "pk": 197, 
 "model": "auth.permission", 
 "fields": {
  "codename": "change_faq", 
  "name": "Can change faq", 
  "content_type": 66
 }
}, 
{
 "pk": 200, 
 "model": "auth.permission", 
 "fields": {
  "codename": "delete_faq", 
  "name": "Can delete faq", 
  "content_type": 66
 }
}, 
{
 "pk": 195, 
 "model": "auth.permission", 
 "fields": {
  "codename": "add_sponsor", 
  "name": "Can add sponsor", 
  "content_type": 65
 }
}, 
{
 "pk": 198, 
 "model": "auth.permission", 
 "fields": {
  "codename": "change_sponsor", 
  "name": "Can change sponsor", 
  "content_type": 65
 }
}, 
{
 "pk": 201, 
 "model": "auth.permission", 
 "fields": {
  "codename": "delete_sponsor", 
  "name": "Can delete sponsor", 
  "content_type": 65
 }
}, 
{
 "pk": 196, 
 "model": "auth.permission", 
 "fields": {
  "codename": "add_sponsorcategory", 
  "name": "Can add sponsor category", 
  "content_type": 64
 }
}, 
{
 "pk": 199, 
 "model": "auth.permission", 
 "fields": {
  "codename": "change_sponsorcategory", 
  "name": "Can change sponsor category", 
  "content_type": 64
 }
}, 
{
 "pk": 202, 
 "model": "auth.permission", 
 "fields": {
  "codename": "delete_sponsorcategory", 
  "name": "Can delete sponsor category", 
  "content_type": 64
 }
}, 
{
 "pk": 49, 
 "model": "auth.permission", 
 "fields": {
  "codename": "add_inviterequest", 
  "name": "Can add invite request", 
  "content_type": 17
 }
}, 
{
 "pk": 50, 
 "model": "auth.permission", 
 "fields": {
  "codename": "change_inviterequest", 
  "name": "Can change invite request", 
  "content_type": 17
 }
}, 
{
 "pk": 51, 
 "model": "auth.permission", 
 "fields": {
  "codename": "delete_inviterequest", 
  "name": "Can delete invite request", 
  "content_type": 17
 }
}, 
{
 "pk": 103, 
 "model": "auth.permission", 
 "fields": {
  "codename": "add_accuracy", 
  "name": "Can add accuracy", 
  "content_type": 38
 }
}, 
{
 "pk": 134, 
 "model": "auth.permission", 
 "fields": {
  "codename": "change_accuracy", 
  "name": "Can change accuracy", 
  "content_type": 38
 }
}, 
{
 "pk": 165, 
 "model": "auth.permission", 
 "fields": {
  "codename": "delete_accuracy", 
  "name": "Can delete accuracy", 
  "content_type": 38
 }
}, 
{
 "pk": 104, 
 "model": "auth.permission", 
 "fields": {
  "codename": "add_activity", 
  "name": "Can add activity", 
  "content_type": 46
 }
}, 
{
 "pk": 135, 
 "model": "auth.permission", 
 "fields": {
  "codename": "change_activity", 
  "name": "Can change activity", 
  "content_type": 46
 }
}, 
{
 "pk": 166, 
 "model": "auth.permission", 
 "fields": {
  "codename": "delete_activity", 
  "name": "Can delete activity", 
  "content_type": 46
 }
}, 
{
 "pk": 105, 
 "model": "auth.permission", 
 "fields": {
  "codename": "add_administratorallocation", 
  "name": "Can add administrator allocation", 
  "content_type": 59
 }
}, 
{
 "pk": 136, 
 "model": "auth.permission", 
 "fields": {
  "codename": "change_administratorallocation", 
  "name": "Can change administrator allocation", 
  "content_type": 59
 }
}, 
{
 "pk": 167, 
 "model": "auth.permission", 
 "fields": {
  "codename": "delete_administratorallocation", 
  "name": "Can delete administrator allocation", 
  "content_type": 59
 }
}, 
{
 "pk": 106, 
 "model": "auth.permission", 
 "fields": {
  "codename": "add_badge", 
  "name": "Can add badge", 
  "content_type": 60
 }
}, 
{
 "pk": 137, 
 "model": "auth.permission", 
 "fields": {
  "codename": "change_badge", 
  "name": "Can change badge", 
  "content_type": 60
 }
}, 
{
 "pk": 168, 
 "model": "auth.permission", 
 "fields": {
  "codename": "delete_badge", 
  "name": "Can delete badge", 
  "content_type": 60
 }
}, 
{
 "pk": 107, 
 "model": "auth.permission", 
 "fields": {
  "codename": "add_badgeinperson", 
  "name": "Can add badge in person", 
  "content_type": 61
 }
}, 
{
 "pk": 138, 
 "model": "auth.permission", 
 "fields": {
  "codename": "change_badgeinperson", 
  "name": "Can change badge in person", 
  "content_type": 61
 }
}, 
{
 "pk": 169, 
 "model": "auth.permission", 
 "fields": {
  "codename": "delete_badgeinperson", 
  "name": "Can delete badge in person", 
  "content_type": 61
 }
}, 
{
 "pk": 108, 
 "model": "auth.permission", 
 "fields": {
  "codename": "add_count", 
  "name": "Can add count", 
  "content_type": 40
 }
}, 
{
 "pk": 139, 
 "model": "auth.permission", 
 "fields": {
  "codename": "change_count", 
  "name": "Can change count", 
  "content_type": 40
 }
}, 
{
 "pk": 170, 
 "model": "auth.permission", 
 "fields": {
  "codename": "delete_count", 
  "name": "Can delete count", 
  "content_type": 40
 }
}, 
{
 "pk": 109, 
 "model": "auth.permission", 
 "fields": {
  "codename": "add_emailresponse", 
  "name": "Can add email response", 
  "content_type": 62
 }
}, 
{
 "pk": 140, 
 "model": "auth.permission", 
 "fields": {
  "codename": "change_emailresponse", 
  "name": "Can change email response", 
  "content_type": 62
 }
}, 
{
 "pk": 171, 
 "model": "auth.permission", 
 "fields": {
  "codename": "delete_emailresponse", 
  "name": "Can delete email response", 
  "content_type": 62
 }
}, 
{
 "pk": 101, 
 "model": "auth.permission", 
 "fields": {
  "codename": "add_fbgroup", 
  "name": "Can add Group", 
  "content_type": 57
 }
}, 
{
 "pk": 132, 
 "model": "auth.permission", 
 "fields": {
  "codename": "change_fbgroup", 
  "name": "Can change Group", 
  "content_type": 57
 }
}, 
{
 "pk": 163, 
 "model": "auth.permission", 
 "fields": {
  "codename": "delete_fbgroup", 
  "name": "Can delete Group", 
  "content_type": 57
 }
}, 
{
 "pk": 110, 
 "model": "auth.permission", 
 "fields": {
  "codename": "add_habitat", 
  "name": "Can add habitat", 
  "content_type": 43
 }
}, 
{
 "pk": 141, 
 "model": "auth.permission", 
 "fields": {
  "codename": "change_habitat", 
  "name": "Can change habitat", 
  "content_type": 43
 }
}, 
{
 "pk": 172, 
 "model": "auth.permission", 
 "fields": {
  "codename": "delete_habitat", 
  "name": "Can delete habitat", 
  "content_type": 43
 }
}, 
{
 "pk": 111, 
 "model": "auth.permission", 
 "fields": {
  "codename": "add_jurisdiction", 
  "name": "Can add jurisdiction", 
  "content_type": 49
 }
}, 
{
 "pk": 142, 
 "model": "auth.permission", 
 "fields": {
  "codename": "change_jurisdiction", 
  "name": "Can change jurisdiction", 
  "content_type": 49
 }
}, 
{
 "pk": 173, 
 "model": "auth.permission", 
 "fields": {
  "codename": "delete_jurisdiction", 
  "name": "Can delete jurisdiction", 
  "content_type": 49
 }
}, 
{
 "pk": 112, 
 "model": "auth.permission", 
 "fields": {
  "codename": "add_location", 
  "name": "Can add location", 
  "content_type": 44
 }
}, 
{
 "pk": 143, 
 "model": "auth.permission", 
 "fields": {
  "codename": "change_location", 
  "name": "Can change location", 
  "content_type": 44
 }
}, 
{
 "pk": 174, 
 "model": "auth.permission", 
 "fields": {
  "codename": "delete_location", 
  "name": "Can delete location", 
  "content_type": 44
 }
}, 
{
 "pk": 113, 
 "model": "auth.permission", 
 "fields": {
  "codename": "add_method", 
  "name": "Can add method", 
  "content_type": 45
 }
}, 
{
 "pk": 144, 
 "model": "auth.permission", 
 "fields": {
  "codename": "change_method", 
  "name": "Can change method", 
  "content_type": 45
 }
}, 
{
 "pk": 175, 
 "model": "auth.permission", 
 "fields": {
  "codename": "delete_method", 
  "name": "Can delete method", 
  "content_type": 45
 }
}, 
{
 "pk": 114, 
 "model": "auth.permission", 
 "fields": {
  "codename": "add_organisation", 
  "name": "Can add organisation", 
  "content_type": 48
 }
}, 
{
 "pk": 145, 
 "model": "auth.permission", 
 "fields": {
  "codename": "change_organisation", 
  "name": "Can change organisation", 
  "content_type": 48
 }
}, 
{
 "pk": 176, 
 "model": "auth.permission", 
 "fields": {
  "codename": "delete_organisation", 
  "name": "Can delete organisation", 
  "content_type": 48
 }
}, 
{
 "pk": 115, 
 "model": "auth.permission", 
 "fields": {
  "codename": "add_person", 
  "name": "Can add person", 
  "content_type": 53
 }
}, 
{
 "pk": 146, 
 "model": "auth.permission", 
 "fields": {
  "codename": "change_person", 
  "name": "Can change person", 
  "content_type": 53
 }
}, 
{
 "pk": 177, 
 "model": "auth.permission", 
 "fields": {
  "codename": "delete_person", 
  "name": "Can delete person", 
  "content_type": 53
 }
}, 
{
 "pk": 116, 
 "model": "auth.permission", 
 "fields": {
  "codename": "add_personingroup", 
  "name": "Can add person in group", 
  "content_type": 58
 }
}, 
{
 "pk": 147, 
 "model": "auth.permission", 
 "fields": {
  "codename": "change_personingroup", 
  "name": "Can change person in group", 
  "content_type": 58
 }
}, 
{
 "pk": 178, 
 "model": "auth.permission", 
 "fields": {
  "codename": "delete_personingroup", 
  "name": "Can delete person in group", 
  "content_type": 58
 }
}, 
{
 "pk": 117, 
 "model": "auth.permission", 
 "fields": {
  "codename": "add_region", 
  "name": "Can add region", 
  "content_type": 50
 }
}, 
{
 "pk": 148, 
 "model": "auth.permission", 
 "fields": {
  "codename": "change_region", 
  "name": "Can change region", 
  "content_type": 50
 }
}, 
{
 "pk": 179, 
 "model": "auth.permission", 
 "fields": {
  "codename": "delete_region", 
  "name": "Can delete region", 
  "content_type": 50
 }
}, 
{
 "pk": 118, 
 "model": "auth.permission", 
 "fields": {
  "codename": "add_sex", 
  "name": "Can add sex", 
  "content_type": 39
 }
}, 
{
 "pk": 149, 
 "model": "auth.permission", 
 "fields": {
  "codename": "change_sex", 
  "name": "Can change sex", 
  "content_type": 39
 }
}, 
{
 "pk": 180, 
 "model": "auth.permission", 
 "fields": {
  "codename": "delete_sex", 
  "name": "Can delete sex", 
  "content_type": 39
 }
}, 
{
 "pk": 119, 
 "model": "auth.permission", 
 "fields": {
  "codename": "add_sighting", 
  "name": "Can add sighting", 
  "content_type": 51
 }
}, 
{
 "pk": 150, 
 "model": "auth.permission", 
 "fields": {
  "codename": "change_sighting", 
  "name": "Can change sighting", 
  "content_type": 51
 }
}, 
{
 "pk": 181, 
 "model": "auth.permission", 
 "fields": {
  "codename": "delete_sighting", 
  "name": "Can delete sighting", 
  "content_type": 51
 }
}, 
{
 "pk": 120, 
 "model": "auth.permission", 
 "fields": {
  "codename": "add_sightingtracking", 
  "name": "Can add sighting tracking", 
  "content_type": 54
 }
}, 
{
 "pk": 151, 
 "model": "auth.permission", 
 "fields": {
  "codename": "change_sightingtracking", 
  "name": "Can change sighting tracking", 
  "content_type": 54
 }
}, 
{
 "pk": 182, 
 "model": "auth.permission", 
 "fields": {
  "codename": "delete_sightingtracking", 
  "name": "Can delete sighting tracking", 
  "content_type": 54
 }
}, 
{
 "pk": 121, 
 "model": "auth.permission", 
 "fields": {
  "codename": "add_sightingtrackingstatus", 
  "name": "Can add sighting tracking status", 
  "content_type": 52
 }
}, 
{
 "pk": 152, 
 "model": "auth.permission", 
 "fields": {
  "codename": "change_sightingtrackingstatus", 
  "name": "Can change sighting tracking status", 
  "content_type": 52
 }
}, 
{
 "pk": 183, 
 "model": "auth.permission", 
 "fields": {
  "codename": "delete_sightingtrackingstatus", 
  "name": "Can delete sighting tracking status", 
  "content_type": 52
 }
}, 
{
 "pk": 122, 
 "model": "auth.permission", 
 "fields": {
  "codename": "add_sizemethod", 
  "name": "Can add size method", 
  "content_type": 42
 }
}, 
{
 "pk": 153, 
 "model": "auth.permission", 
 "fields": {
  "codename": "change_sizemethod", 
  "name": "Can change size method", 
  "content_type": 42
 }
}, 
{
 "pk": 184, 
 "model": "auth.permission", 
 "fields": {
  "codename": "delete_sizemethod", 
  "name": "Can delete size method", 
  "content_type": 42
 }
}, 
{
 "pk": 123, 
 "model": "auth.permission", 
 "fields": {
  "codename": "add_species", 
  "name": "Can add species", 
  "content_type": 36
 }
}, 
{
 "pk": 154, 
 "model": "auth.permission", 
 "fields": {
  "codename": "change_species", 
  "name": "Can change species", 
  "content_type": 36
 }
}, 
{
 "pk": 185, 
 "model": "auth.permission", 
 "fields": {
  "codename": "delete_species", 
  "name": "Can delete species", 
  "content_type": 36
 }
}, 
{
 "pk": 124, 
 "model": "auth.permission", 
 "fields": {
  "codename": "add_speciesallocation", 
  "name": "Can add species allocation", 
  "content_type": 63
 }
}, 
{
 "pk": 155, 
 "model": "auth.permission", 
 "fields": {
  "codename": "change_speciesallocation", 
  "name": "Can change species allocation", 
  "content_type": 63
 }
}, 
{
 "pk": 186, 
 "model": "auth.permission", 
 "fields": {
  "codename": "delete_speciesallocation", 
  "name": "Can delete species allocation", 
  "content_type": 63
 }
}, 
{
 "pk": 125, 
 "model": "auth.permission", 
 "fields": {
  "codename": "add_speciescategory", 
  "name": "Can add species category", 
  "content_type": 55
 }
}, 
{
 "pk": 156, 
 "model": "auth.permission", 
 "fields": {
  "codename": "change_speciescategory", 
  "name": "Can change species category", 
  "content_type": 55
 }
}, 
{
 "pk": 187, 
 "model": "auth.permission", 
 "fields": {
  "codename": "delete_speciescategory", 
  "name": "Can delete species category", 
  "content_type": 55
 }
}, 
{
 "pk": 126, 
 "model": "auth.permission", 
 "fields": {
  "codename": "add_speciesdistributiongeo", 
  "name": "Can add species distribution geo", 
  "content_type": 37
 }
}, 
{
 "pk": 157, 
 "model": "auth.permission", 
 "fields": {
  "codename": "change_speciesdistributiongeo", 
  "name": "Can change species distribution geo", 
  "content_type": 37
 }
}, 
{
 "pk": 188, 
 "model": "auth.permission", 
 "fields": {
  "codename": "delete_speciesdistributiongeo", 
  "name": "Can delete species distribution geo", 
  "content_type": 37
 }
}, 
{
 "pk": 102, 
 "model": "auth.permission", 
 "fields": {
  "codename": "add_speciesincategory", 
  "name": "Can add Species in Category", 
  "content_type": 56
 }
}, 
{
 "pk": 133, 
 "model": "auth.permission", 
 "fields": {
  "codename": "change_speciesincategory", 
  "name": "Can change Species in Category", 
  "content_type": 56
 }
}, 
{
 "pk": 164, 
 "model": "auth.permission", 
 "fields": {
  "codename": "delete_speciesincategory", 
  "name": "Can delete Species in Category", 
  "content_type": 56
 }
}, 
{
 "pk": 127, 
 "model": "auth.permission", 
 "fields": {
  "codename": "add_speciesinothergroup", 
  "name": "Can add species in other group", 
  "content_type": 35
 }
}, 
{
 "pk": 158, 
 "model": "auth.permission", 
 "fields": {
  "codename": "change_speciesinothergroup", 
  "name": "Can change species in other group", 
  "content_type": 35
 }
}, 
{
 "pk": 189, 
 "model": "auth.permission", 
 "fields": {
  "codename": "delete_speciesinothergroup", 
  "name": "Can delete species in other group", 
  "content_type": 35
 }
}, 
{
 "pk": 128, 
 "model": "auth.permission", 
 "fields": {
  "codename": "add_speciesreportgroup", 
  "name": "Can add species report group", 
  "content_type": 34
 }
}, 
{
 "pk": 159, 
 "model": "auth.permission", 
 "fields": {
  "codename": "change_speciesreportgroup", 
  "name": "Can change species report group", 
  "content_type": 34
 }
}, 
{
 "pk": 190, 
 "model": "auth.permission", 
 "fields": {
  "codename": "delete_speciesreportgroup", 
  "name": "Can delete species report group", 
  "content_type": 34
 }
}, 
{
 "pk": 129, 
 "model": "auth.permission", 
 "fields": {
  "codename": "add_speciestaxonomicgroup", 
  "name": "Can add species taxonomic group", 
  "content_type": 33
 }
}, 
{
 "pk": 160, 
 "model": "auth.permission", 
 "fields": {
  "codename": "change_speciestaxonomicgroup", 
  "name": "Can change species taxonomic group", 
  "content_type": 33
 }
}, 
{
 "pk": 191, 
 "model": "auth.permission", 
 "fields": {
  "codename": "delete_speciestaxonomicgroup", 
  "name": "Can delete species taxonomic group", 
  "content_type": 33
 }
}, 
{
 "pk": 130, 
 "model": "auth.permission", 
 "fields": {
  "codename": "add_time", 
  "name": "Can add time", 
  "content_type": 47
 }
}, 
{
 "pk": 161, 
 "model": "auth.permission", 
 "fields": {
  "codename": "change_time", 
  "name": "Can change time", 
  "content_type": 47
 }
}, 
{
 "pk": 192, 
 "model": "auth.permission", 
 "fields": {
  "codename": "delete_time", 
  "name": "Can delete time", 
  "content_type": 47
 }
}, 
{
 "pk": 131, 
 "model": "auth.permission", 
 "fields": {
  "codename": "add_weightmethod", 
  "name": "Can add weight method", 
  "content_type": 41
 }
}, 
{
 "pk": 162, 
 "model": "auth.permission", 
 "fields": {
  "codename": "change_weightmethod", 
  "name": "Can change weight method", 
  "content_type": 41
 }
}, 
{
 "pk": 193, 
 "model": "auth.permission", 
 "fields": {
  "codename": "delete_weightmethod", 
  "name": "Can delete weight method", 
  "content_type": 41
 }
}, 
{
 "pk": 37, 
 "model": "auth.permission", 
 "fields": {
  "codename": "add_registrationprofile", 
  "name": "Can add registration profile", 
  "content_type": 13
 }
}, 
{
 "pk": 38, 
 "model": "auth.permission", 
 "fields": {
  "codename": "change_registrationprofile", 
  "name": "Can change registration profile", 
  "content_type": 13
 }
}, 
{
 "pk": 39, 
 "model": "auth.permission", 
 "fields": {
  "codename": "delete_registrationprofile", 
  "name": "Can delete registration profile", 
  "content_type": 13
 }
}, 
{
 "pk": 31, 
 "model": "auth.permission", 
 "fields": {
  "codename": "add_revision", 
  "name": "Can add revision", 
  "content_type": 11
 }
}, 
{
 "pk": 33, 
 "model": "auth.permission", 
 "fields": {
  "codename": "change_revision", 
  "name": "Can change revision", 
  "content_type": 11
 }
}, 
{
 "pk": 35, 
 "model": "auth.permission", 
 "fields": {
  "codename": "delete_revision", 
  "name": "Can delete revision", 
  "content_type": 11
 }
}, 
{
 "pk": 32, 
 "model": "auth.permission", 
 "fields": {
  "codename": "add_version", 
  "name": "Can add version", 
  "content_type": 12
 }
}, 
{
 "pk": 34, 
 "model": "auth.permission", 
 "fields": {
  "codename": "change_version", 
  "name": "Can change version", 
  "content_type": 12
 }
}, 
{
 "pk": 36, 
 "model": "auth.permission", 
 "fields": {
  "codename": "delete_version", 
  "name": "Can delete version", 
  "content_type": 12
 }
}, 
{
 "pk": 16, 
 "model": "auth.permission", 
 "fields": {
  "codename": "add_session", 
  "name": "Can add session", 
  "content_type": 6
 }
}, 
{
 "pk": 17, 
 "model": "auth.permission", 
 "fields": {
  "codename": "change_session", 
  "name": "Can change session", 
  "content_type": 6
 }
}, 
{
 "pk": 18, 
 "model": "auth.permission", 
 "fields": {
  "codename": "delete_session", 
  "name": "Can delete session", 
  "content_type": 6
 }
}, 
{
 "pk": 19, 
 "model": "auth.permission", 
 "fields": {
  "codename": "add_site", 
  "name": "Can add site", 
  "content_type": 7
 }
}, 
{
 "pk": 20, 
 "model": "auth.permission", 
 "fields": {
  "codename": "change_site", 
  "name": "Can change site", 
  "content_type": 7
 }
}, 
{
 "pk": 21, 
 "model": "auth.permission", 
 "fields": {
  "codename": "delete_site", 
  "name": "Can delete site", 
  "content_type": 7
 }
}, 
{
 "pk": 83, 
 "model": "auth.permission", 
 "fields": {
  "codename": "add_tag", 
  "name": "Can add tag", 
  "content_type": 28
 }
}, 
{
 "pk": 85, 
 "model": "auth.permission", 
 "fields": {
  "codename": "change_tag", 
  "name": "Can change tag", 
  "content_type": 28
 }
}, 
{
 "pk": 87, 
 "model": "auth.permission", 
 "fields": {
  "codename": "delete_tag", 
  "name": "Can delete tag", 
  "content_type": 28
 }
}, 
{
 "pk": 84, 
 "model": "auth.permission", 
 "fields": {
  "codename": "add_taggeditem", 
  "name": "Can add tagged item", 
  "content_type": 29
 }
}, 
{
 "pk": 86, 
 "model": "auth.permission", 
 "fields": {
  "codename": "change_taggeditem", 
  "name": "Can change tagged item", 
  "content_type": 29
 }
}, 
{
 "pk": 88, 
 "model": "auth.permission", 
 "fields": {
  "codename": "delete_taggeditem", 
  "name": "Can delete tagged item", 
  "content_type": 29
 }
}, 
{
 "pk": 22, 
 "model": "auth.permission", 
 "fields": {
  "codename": "add_kvstore", 
  "name": "Can add kv store", 
  "content_type": 8
 }
}, 
{
 "pk": 23, 
 "model": "auth.permission", 
 "fields": {
  "codename": "change_kvstore", 
  "name": "Can change kv store", 
  "content_type": 8
 }
}, 
{
 "pk": 24, 
 "model": "auth.permission", 
 "fields": {
  "codename": "delete_kvstore", 
  "name": "Can delete kv store", 
  "content_type": 8
 }
}, 
{
 "pk": 90, 
 "model": "auth.permission", 
 "fields": {
  "codename": "add_category", 
  "name": "Can add category", 
  "content_type": 30
 }
}, 
{
 "pk": 94, 
 "model": "auth.permission", 
 "fields": {
  "codename": "change_category", 
  "name": "Can change category", 
  "content_type": 30
 }
}, 
{
 "pk": 98, 
 "model": "auth.permission", 
 "fields": {
  "codename": "delete_category", 
  "name": "Can delete category", 
  "content_type": 30
 }
}, 
{
 "pk": 91, 
 "model": "auth.permission", 
 "fields": {
  "codename": "add_entry", 
  "name": "Can add entry", 
  "content_type": 31
 }
}, 
{
 "pk": 93, 
 "model": "auth.permission", 
 "fields": {
  "codename": "can_change_author", 
  "name": "Can change author(s)", 
  "content_type": 31
 }
}, 
{
 "pk": 96, 
 "model": "auth.permission", 
 "fields": {
  "codename": "can_change_status", 
  "name": "Can change status", 
  "content_type": 31
 }
}, 
{
 "pk": 100, 
 "model": "auth.permission", 
 "fields": {
  "codename": "can_view_all", 
  "name": "Can view all entries", 
  "content_type": 31
 }
}, 
{
 "pk": 95, 
 "model": "auth.permission", 
 "fields": {
  "codename": "change_entry", 
  "name": "Can change entry", 
  "content_type": 31
 }
}, 
{
 "pk": 99, 
 "model": "auth.permission", 
 "fields": {
  "codename": "delete_entry", 
  "name": "Can delete entry", 
  "content_type": 31
 }
}, 
{
 "pk": 1, 
 "model": "auth.group", 
 "fields": {
  "name": "Administrators", 
  "permissions": []
 }
}, 
{
 "pk": 2, 
 "model": "auth.group", 
 "fields": {
  "name": "Scientists", 
  "permissions": []
 }
}, 
{
 "pk": 1, 
 "model": "auth.user", 
 "fields": {
  "username": "user1", 
  "first_name": "", 
  "last_name": "", 
  "is_active": true, 
  "is_superuser": false, 
  "is_staff": false, 
  "last_login": "2012-09-23T11:37:28.684", 
  "groups": [], 
  "user_permissions": [], 
  "password": "pbkdf2_sha256$10000$lg5iNxwkPcz1$rMMCER8Fxiwg8CPs3eKLHxAFoX+Lg7zDeapOcB1Egow=", 
  "email": "user1@example.com", 
  "date_joined": "2012-09-23T11:18:42.764"
 }
}, 
{
 "pk": 2, 
 "model": "auth.user", 
 "fields": {
  "username": "admin", 
  "first_name": "", 
  "last_name": "", 
  "is_active": true, 
  "is_superuser": true, 
  "is_staff": true, 
  "last_login": "2012-09-23T16:26:38.954", 
  "groups": [
   1
  ], 
  "user_permissions": [], 
  "password": "pbkdf2_sha256$10000$qdjX3Y24ZWiE$WvLuEL+s/BiS6gJ+OdhpRNebSCj7lL0xHH/2IMNeePw=", 
  "email": "admin@example.com", 
  "date_joined": "2012-09-23T13:54:54"
 }
}, 
{
 "pk": 3, 
 "model": "auth.user", 
 "fields": {
  "username": "scientist1", 
  "first_name": "", 
  "last_name": "", 
  "is_active": true, 
  "is_superuser": false, 
  "is_staff": false, 
  "last_login": "2012-09-23T16:02:25.346", 
  "groups": [
   2
  ], 
  "user_permissions": [], 
  "password": "pbkdf2_sha256$10000$hWxJM2mTvGiG$gH5lll69NXlTMT2P/5EdI/HS+5sTOUMwNLPmOUQwQr4=", 
  "email": "scientist1@example.com", 
  "date_joined": "2012-09-23T16:02:25.346"
 }
}, 
{
 "pk": 4, 
 "model": "auth.user", 
 "fields": {
  "username": "scientist2", 
  "first_name": "", 
  "last_name": "", 
  "is_active": true, 
  "is_superuser": false, 
  "is_staff": false, 
  "last_login": "2012-09-23T16:02:47.964", 
  "groups": [], 
  "user_permissions": [], 
  "password": "pbkdf2_sha256$10000$QGnq6e4VhVJY$rbgnzdr322SikKDODr28QAIF3io1xRlCONVz2SRqOjY=", 
  "email": "scientist2@example.com", 
  "date_joined": "2012-09-23T16:02:47.964"
 }
}, 
{
 "pk": 5, 
 "model": "auth.user", 
 "fields": {
  "username": "regionadmin1", 
  "first_name": "", 
  "last_name": "", 
  "is_active": true, 
  "is_superuser": false, 
  "is_staff": false, 
  "last_login": "2012-09-23T16:23:39.070", 
  "groups": [
   1
  ], 
  "user_permissions": [], 
  "password": "pbkdf2_sha256$10000$az62s87XTqOG$wN3PAbSPrNd4PMnyNklQLOnArj76yBPfNlfzVF4PRD8=", 
  "email": "regionadmin1@example.com", 
  "date_joined": "2012-09-23T16:23:39.070"
 }
}, 
{
 "pk": 6, 
 "model": "auth.user", 
 "fields": {
  "username": "regionaladmin2", 
  "first_name": "", 
  "last_name": "", 
  "is_active": true, 
  "is_superuser": false, 
  "is_staff": false, 
  "last_login": "2012-09-23T16:24:10.921", 
  "groups": [], 
  "user_permissions": [], 
  "password": "pbkdf2_sha256$10000$0hdEAGZZNWk4$+hycW9I5wHZAZZq/zkTYdh3ZY+gufezVyw8WwjYvHVM=", 
  "email": "regionaladmin2@example.com", 
  "date_joined": "2012-09-23T16:24:10.921"
 }
}, 
{
 "pk": 1, 
 "model": "redmapdb.speciestaxonomicgroup", 
 "fields": {
  "update_number": 2, 
  "update_time": "2009-06-19T11:04:56", 
  "description": "Chordata, Actinopterygii"
 }
}, 
{
 "pk": 3, 
 "model": "redmapdb.speciestaxonomicgroup", 
 "fields": {
  "update_number": 2, 
  "update_time": "2009-06-19T11:05:15", 
  "description": "Chordata, Mammalia"
 }
}, 
{
 "pk": 4, 
 "model": "redmapdb.speciestaxonomicgroup", 
 "fields": {
  "update_number": 2, 
  "update_time": "2009-06-19T11:05:26", 
  "description": "Chordata, Reptilia"
 }
}, 
{
 "pk": 5, 
 "model": "redmapdb.speciestaxonomicgroup", 
 "fields": {
  "update_number": 2, 
  "update_time": "2009-06-19T11:06:10", 
  "description": "Arthropoda, Cirripedia"
 }
}, 
{
 "pk": 6, 
 "model": "redmapdb.speciestaxonomicgroup", 
 "fields": {
  "update_number": 2, 
  "update_time": "2009-06-19T11:06:21", 
  "description": "Arthropoda, Malacostraca"
 }
}, 
{
 "pk": 7, 
 "model": "redmapdb.speciestaxonomicgroup", 
 "fields": {
  "update_number": 2, 
  "update_time": "2009-06-19T11:07:36", 
  "description": "Echinodermata, Asteroidea"
 }
}, 
{
 "pk": 8, 
 "model": "redmapdb.speciestaxonomicgroup", 
 "fields": {
  "update_number": 2, 
  "update_time": "2009-06-19T11:07:46", 
  "description": "Echinodermata, Crinoidea"
 }
}, 
{
 "pk": 9, 
 "model": "redmapdb.speciestaxonomicgroup", 
 "fields": {
  "update_number": 2, 
  "update_time": "2009-06-19T11:07:57", 
  "description": "Echinodermata, Echinoidea"
 }
}, 
{
 "pk": 10, 
 "model": "redmapdb.speciestaxonomicgroup", 
 "fields": {
  "update_number": 2, 
  "update_time": "2009-06-19T11:08:09", 
  "description": "Echinodermata, Holothuroidea"
 }
}, 
{
 "pk": 11, 
 "model": "redmapdb.speciestaxonomicgroup", 
 "fields": {
  "update_number": 2, 
  "update_time": "2009-06-19T11:08:20", 
  "description": "Echinodermata, Ophiuroidea"
 }
}, 
{
 "pk": 12, 
 "model": "redmapdb.speciestaxonomicgroup", 
 "fields": {
  "update_number": 1, 
  "update_time": "2009-06-19T11:07:25", 
  "description": "Echinodermata"
 }
}, 
{
 "pk": 13, 
 "model": "redmapdb.speciestaxonomicgroup", 
 "fields": {
  "update_number": 2, 
  "update_time": "2009-06-19T11:09:08", 
  "description": "Mollusca, Bivalvia"
 }
}, 
{
 "pk": 14, 
 "model": "redmapdb.speciestaxonomicgroup", 
 "fields": {
  "update_number": 2, 
  "update_time": "2009-06-19T11:09:24", 
  "description": "Mollusca, Cephalopoda"
 }
}, 
{
 "pk": 15, 
 "model": "redmapdb.speciestaxonomicgroup", 
 "fields": {
  "update_number": 2, 
  "update_time": "2009-06-19T11:09:35", 
  "description": "Mollusca, Gastropoda"
 }
}, 
{
 "pk": 16, 
 "model": "redmapdb.speciestaxonomicgroup", 
 "fields": {
  "update_number": 2, 
  "update_time": "2009-06-19T11:09:47", 
  "description": "Mollusca, Opisthobranchia"
 }
}, 
{
 "pk": 17, 
 "model": "redmapdb.speciestaxonomicgroup", 
 "fields": {
  "update_number": 2, 
  "update_time": "2009-06-19T11:09:59", 
  "description": "Mollusca, Polyplacophora"
 }
}, 
{
 "pk": 18, 
 "model": "redmapdb.speciestaxonomicgroup", 
 "fields": {
  "update_number": 1, 
  "update_time": "2009-06-19T11:08:53", 
  "description": "Mollusca"
 }
}, 
{
 "pk": 19, 
 "model": "redmapdb.speciestaxonomicgroup", 
 "fields": {
  "update_number": 1, 
  "update_time": "2009-06-19T11:10:33", 
  "description": "Porifera"
 }
}, 
{
 "pk": 20, 
 "model": "redmapdb.speciestaxonomicgroup", 
 "fields": {
  "update_number": 2, 
  "update_time": "2009-06-19T11:12:19", 
  "description": "Cnidaria, Anthozoa"
 }
}, 
{
 "pk": 21, 
 "model": "redmapdb.speciestaxonomicgroup", 
 "fields": {
  "update_number": 1, 
  "update_time": "2009-06-19T11:11:26", 
  "description": "Bryozoa"
 }
}, 
{
 "pk": 22, 
 "model": "redmapdb.speciestaxonomicgroup", 
 "fields": {
  "update_number": 2, 
  "update_time": "2009-06-19T11:12:35", 
  "description": "Cnidaria, Hydrozoa"
 }
}, 
{
 "pk": 23, 
 "model": "redmapdb.speciestaxonomicgroup", 
 "fields": {
  "update_number": 1, 
  "update_time": "2009-06-19T11:11:43", 
  "description": "Platyhelminthes"
 }
}, 
{
 "pk": 24, 
 "model": "redmapdb.speciestaxonomicgroup", 
 "fields": {
  "update_number": 2, 
  "update_time": "2009-06-19T11:13:07", 
  "description": "Cnidaria, Scyphozoa"
 }
}, 
{
 "pk": 25, 
 "model": "redmapdb.speciestaxonomicgroup", 
 "fields": {
  "update_number": 2, 
  "update_time": "2009-06-19T11:13:19", 
  "description": "Chordata, Ascidiacea"
 }
}, 
{
 "pk": 26, 
 "model": "redmapdb.speciestaxonomicgroup", 
 "fields": {
  "update_number": 1, 
  "update_time": "2009-06-19T11:13:53", 
  "description": "Annelida, Polychaeta"
 }
}, 
{
 "pk": 27, 
 "model": "redmapdb.speciestaxonomicgroup", 
 "fields": {
  "update_number": 1, 
  "update_time": "2009-06-19T11:14:03", 
  "description": "Animalia"
 }
}, 
{
 "pk": 28, 
 "model": "redmapdb.speciestaxonomicgroup", 
 "fields": {
  "update_number": 1, 
  "update_time": "2009-06-19T11:14:15", 
  "description": "Brachiopoda"
 }
}, 
{
 "pk": 29, 
 "model": "redmapdb.speciestaxonomicgroup", 
 "fields": {
  "update_number": 1, 
  "update_time": "2009-06-19T11:14:25", 
  "description": "Substrate"
 }
}, 
{
 "pk": 30, 
 "model": "redmapdb.speciestaxonomicgroup", 
 "fields": {
  "update_number": 1, 
  "update_time": "2009-06-19T11:14:33", 
  "description": "Algae"
 }
}, 
{
 "pk": 31, 
 "model": "redmapdb.speciestaxonomicgroup", 
 "fields": {
  "update_number": 2, 
  "update_time": "2010-07-30T12:16:37", 
  "description": "Heterokontophyta, Phaeophyceae"
 }
}, 
{
 "pk": 32, 
 "model": "redmapdb.speciestaxonomicgroup", 
 "fields": {
  "update_number": 1, 
  "update_time": "2009-06-19T11:15:03", 
  "description": "Chlorophyta"
 }
}, 
{
 "pk": 33, 
 "model": "redmapdb.speciestaxonomicgroup", 
 "fields": {
  "update_number": 1, 
  "update_time": "2009-06-19T11:15:13", 
  "description": "Rhodophyta"
 }
}, 
{
 "pk": 34, 
 "model": "redmapdb.speciestaxonomicgroup", 
 "fields": {
  "update_number": 1, 
  "update_time": "2009-06-19T11:16:03", 
  "description": "Magnoliophyta, Liliopsida"
 }
}, 
{
 "pk": 35, 
 "model": "redmapdb.speciestaxonomicgroup", 
 "fields": {
  "update_number": 1, 
  "update_time": "2010-07-30T13:44:30", 
  "description": "Ctenophora"
 }
}, 
{
 "pk": 36, 
 "model": "redmapdb.speciestaxonomicgroup", 
 "fields": {
  "update_number": 0, 
  "update_time": "2009-06-19T11:04:15", 
  "description": "Chordata, Aves"
 }
}, 
{
 "pk": 37, 
 "model": "redmapdb.speciestaxonomicgroup", 
 "fields": {
  "update_number": 0, 
  "update_time": "2009-08-17T13:55:32", 
  "description": "Nemertea"
 }
}, 
{
 "pk": 38, 
 "model": "redmapdb.speciestaxonomicgroup", 
 "fields": {
  "update_number": 0, 
  "update_time": "2009-08-17T13:56:35", 
  "description": "Arthropoda, Pycnogonida"
 }
}, 
{
 "pk": 39, 
 "model": "redmapdb.speciestaxonomicgroup", 
 "fields": {
  "update_number": 1, 
  "update_time": "2009-08-17T13:57:42", 
  "description": "Cnidaria, Staurozoa"
 }
}, 
{
 "pk": 40, 
 "model": "redmapdb.speciestaxonomicgroup", 
 "fields": {
  "update_number": 0, 
  "update_time": "2009-08-17T13:58:34", 
  "description": "Chordata, Thaliaceae"
 }
}, 
{
 "pk": 41, 
 "model": "redmapdb.speciestaxonomicgroup", 
 "fields": {
  "update_number": 0, 
  "update_time": "2010-04-27T15:34:40", 
  "description": "Echiura"
 }
}, 
{
 "pk": 42, 
 "model": "redmapdb.speciestaxonomicgroup", 
 "fields": {
  "update_number": 0, 
  "update_time": "2010-07-05T10:14:37", 
  "description": "Magnoliophyta, Magnoliopsida"
 }
}, 
{
 "pk": 43, 
 "model": "redmapdb.speciestaxonomicgroup", 
 "fields": {
  "update_number": 0, 
  "update_time": "2010-07-26T11:55:27", 
  "description": "Chordata, Chondrichthyes"
 }
}, 
{
 "pk": 1, 
 "model": "redmapdb.speciesreportgroup", 
 "fields": {
  "update_number": 0, 
  "update_time": "2009-04-28T13:57:11", 
  "description": "Amblypneustes spp."
 }
}, 
{
 "pk": 2, 
 "model": "redmapdb.speciesreportgroup", 
 "fields": {
  "update_number": 0, 
  "update_time": "2009-04-28T13:57:11", 
  "description": "Anemones"
 }
}, 
{
 "pk": 3, 
 "model": "redmapdb.speciesreportgroup", 
 "fields": {
  "update_number": 0, 
  "update_time": "2009-04-28T13:57:11", 
  "description": "Areschougia spp."
 }
}, 
{
 "pk": 4, 
 "model": "redmapdb.speciesreportgroup", 
 "fields": {
  "update_number": 0, 
  "update_time": "2009-04-28T13:57:11", 
  "description": "Ascidians"
 }
}, 
{
 "pk": 5, 
 "model": "redmapdb.speciesreportgroup", 
 "fields": {
  "update_number": 0, 
  "update_time": "2009-04-28T13:57:11", 
  "description": "Astralium spp."
 }
}, 
{
 "pk": 6, 
 "model": "redmapdb.speciesreportgroup", 
 "fields": {
  "update_number": 0, 
  "update_time": "2009-04-28T13:57:11", 
  "description": "Ballia spp."
 }
}, 
{
 "pk": 7, 
 "model": "redmapdb.speciesreportgroup", 
 "fields": {
  "update_number": 0, 
  "update_time": "2009-04-28T13:57:11", 
  "description": "Barnacles"
 }
}, 
{
 "pk": 8, 
 "model": "redmapdb.speciesreportgroup", 
 "fields": {
  "update_number": 0, 
  "update_time": "2009-04-28T13:57:11", 
  "description": "Blennid spp. "
 }
}, 
{
 "pk": 9, 
 "model": "redmapdb.speciesreportgroup", 
 "fields": {
  "update_number": 1, 
  "update_time": "2009-06-19T10:23:00", 
  "description": "Bryozoa"
 }
}, 
{
 "pk": 10, 
 "model": "redmapdb.speciesreportgroup", 
 "fields": {
  "update_number": 0, 
  "update_time": "2009-04-28T13:57:11", 
  "description": "Caulerpa spp."
 }
}, 
{
 "pk": 11, 
 "model": "redmapdb.speciesreportgroup", 
 "fields": {
  "update_number": 0, 
  "update_time": "2009-04-28T13:57:11", 
  "description": "Codium spp."
 }
}, 
{
 "pk": 12, 
 "model": "redmapdb.speciesreportgroup", 
 "fields": {
  "update_number": 0, 
  "update_time": "2009-04-28T13:57:11", 
  "description": "Dictyopteris spp."
 }
}, 
{
 "pk": 13, 
 "model": "redmapdb.speciesreportgroup", 
 "fields": {
  "update_number": 0, 
  "update_time": "2009-04-28T13:57:11", 
  "description": "Dictyota spp. "
 }
}, 
{
 "pk": 14, 
 "model": "redmapdb.speciesreportgroup", 
 "fields": {
  "update_number": 0, 
  "update_time": "2009-04-28T13:57:11", 
  "description": "Erythropodium spp. "
 }
}, 
{
 "pk": 15, 
 "model": "redmapdb.speciesreportgroup", 
 "fields": {
  "update_number": 0, 
  "update_time": "2009-04-28T13:57:11", 
  "description": "Flatworms"
 }
}, 
{
 "pk": 16, 
 "model": "redmapdb.speciesreportgroup", 
 "fields": {
  "update_number": 0, 
  "update_time": "2009-04-28T13:57:11", 
  "description": "Geniculate corallines"
 }
}, 
{
 "pk": 17, 
 "model": "redmapdb.speciesreportgroup", 
 "fields": {
  "update_number": 0, 
  "update_time": "2009-04-28T13:57:11", 
  "description": "Halopteris spp."
 }
}, 
{
 "pk": 18, 
 "model": "redmapdb.speciesreportgroup", 
 "fields": {
  "update_number": 0, 
  "update_time": "2009-04-28T13:57:11", 
  "description": "Hard bryozoans"
 }
}, 
{
 "pk": 19, 
 "model": "redmapdb.speciesreportgroup", 
 "fields": {
  "update_number": 0, 
  "update_time": "2009-04-28T13:57:11", 
  "description": "Heteroclinus spp."
 }
}, 
{
 "pk": 20, 
 "model": "redmapdb.speciesreportgroup", 
 "fields": {
  "update_number": 0, 
  "update_time": "2009-04-28T13:57:11", 
  "description": "Hydroids"
 }
}, 
{
 "pk": 21, 
 "model": "redmapdb.speciesreportgroup", 
 "fields": {
  "update_number": 0, 
  "update_time": "2009-04-28T13:57:11", 
  "description": "Montipora spp."
 }
}, 
{
 "pk": 22, 
 "model": "redmapdb.speciesreportgroup", 
 "fields": {
  "update_number": 0, 
  "update_time": "2009-04-28T13:57:11", 
  "description": "Myriodesma spp."
 }
}, 
{
 "pk": 23, 
 "model": "redmapdb.speciesreportgroup", 
 "fields": {
  "update_number": 0, 
  "update_time": "2009-04-28T13:57:11", 
  "description": "Nudibranchs"
 }
}, 
{
 "pk": 24, 
 "model": "redmapdb.speciesreportgroup", 
 "fields": {
  "update_number": 0, 
  "update_time": "2009-04-28T13:57:11", 
  "description": "Palythoa spp."
 }
}, 
{
 "pk": 25, 
 "model": "redmapdb.speciesreportgroup", 
 "fields": {
  "update_number": 0, 
  "update_time": "2009-04-28T13:57:11", 
  "description": "Pempheris spp."
 }
}, 
{
 "pk": 26, 
 "model": "redmapdb.speciesreportgroup", 
 "fields": {
  "update_number": 0, 
  "update_time": "2009-04-28T13:57:11", 
  "description": "Peyssonnelia spp."
 }
}, 
{
 "pk": 27, 
 "model": "redmapdb.speciesreportgroup", 
 "fields": {
  "update_number": 1, 
  "update_time": "2009-06-19T10:31:25", 
  "description": "Sargassum spp."
 }
}, 
{
 "pk": 28, 
 "model": "redmapdb.speciesreportgroup", 
 "fields": {
  "update_number": 0, 
  "update_time": "2009-04-28T13:57:11", 
  "description": "Soft bryozoa"
 }
}, 
{
 "pk": 29, 
 "model": "redmapdb.speciesreportgroup", 
 "fields": {
  "update_number": 0, 
  "update_time": "2009-04-28T13:57:11", 
  "description": "Sponges"
 }
}, 
{
 "pk": 30, 
 "model": "redmapdb.speciesreportgroup", 
 "fields": {
  "update_number": 0, 
  "update_time": "2009-04-28T13:57:11", 
  "description": "Zoanthus spp."
 }
}, 
{
 "pk": 31, 
 "model": "redmapdb.speciesreportgroup", 
 "fields": {
  "update_number": 0, 
  "update_time": "2009-04-28T13:57:11", 
  "description": "Zonaria ?turneriana"
 }
}, 
{
 "pk": 32, 
 "model": "redmapdb.speciesreportgroup", 
 "fields": {
  "update_number": 2, 
  "update_time": "2009-06-19T14:52:08", 
  "description": "Alcyonarians"
 }
}, 
{
 "pk": 33, 
 "model": "redmapdb.speciesreportgroup", 
 "fields": {
  "update_number": 0, 
  "update_time": "2009-06-19T10:22:44", 
  "description": "Brown algae (encrusting)"
 }
}, 
{
 "pk": 34, 
 "model": "redmapdb.speciesreportgroup", 
 "fields": {
  "update_number": 1, 
  "update_time": "2009-06-19T10:24:00", 
  "description": "Callophycus spp."
 }
}, 
{
 "pk": 35, 
 "model": "redmapdb.speciesreportgroup", 
 "fields": {
  "update_number": 0, 
  "update_time": "2009-06-19T10:24:11", 
  "description": "Callophyllis spp."
 }
}, 
{
 "pk": 36, 
 "model": "redmapdb.speciesreportgroup", 
 "fields": {
  "update_number": 0, 
  "update_time": "2009-06-19T10:24:22", 
  "description": "Chaetomorpha spp."
 }
}, 
{
 "pk": 37, 
 "model": "redmapdb.speciesreportgroup", 
 "fields": {
  "update_number": 0, 
  "update_time": "2009-06-19T10:24:33", 
  "description": "Champia spp."
 }
}, 
{
 "pk": 38, 
 "model": "redmapdb.speciesreportgroup", 
 "fields": {
  "update_number": 0, 
  "update_time": "2009-06-19T10:24:45", 
  "description": "Cladophora spp."
 }
}, 
{
 "pk": 39, 
 "model": "redmapdb.speciesreportgroup", 
 "fields": {
  "update_number": 0, 
  "update_time": "2009-06-19T10:24:59", 
  "description": "Colpomenia spp."
 }
}, 
{
 "pk": 40, 
 "model": "redmapdb.speciesreportgroup", 
 "fields": {
  "update_number": 0, 
  "update_time": "2009-06-19T10:25:09", 
  "description": "Coral"
 }
}, 
{
 "pk": 41, 
 "model": "redmapdb.speciesreportgroup", 
 "fields": {
  "update_number": 0, 
  "update_time": "2009-06-19T10:25:19", 
  "description": "Corallines (geniculate) spp."
 }
}, 
{
 "pk": 42, 
 "model": "redmapdb.speciesreportgroup", 
 "fields": {
  "update_number": 0, 
  "update_time": "2009-06-19T10:25:28", 
  "description": "Crustose coralline algae"
 }
}, 
{
 "pk": 43, 
 "model": "redmapdb.speciesreportgroup", 
 "fields": {
  "update_number": 0, 
  "update_time": "2009-06-19T10:25:35", 
  "description": "Curdiea spp."
 }
}, 
{
 "pk": 44, 
 "model": "redmapdb.speciesreportgroup", 
 "fields": {
  "update_number": 0, 
  "update_time": "2009-06-19T10:25:43", 
  "description": "Cystophora spp."
 }
}, 
{
 "pk": 45, 
 "model": "redmapdb.speciesreportgroup", 
 "fields": {
  "update_number": 0, 
  "update_time": "2009-06-19T10:25:54", 
  "description": "Dasya spp."
 }
}, 
{
 "pk": 46, 
 "model": "redmapdb.speciesreportgroup", 
 "fields": {
  "update_number": 0, 
  "update_time": "2009-06-19T10:26:08", 
  "description": "Delisea spp."
 }
}, 
{
 "pk": 47, 
 "model": "redmapdb.speciesreportgroup", 
 "fields": {
  "update_number": 0, 
  "update_time": "2009-06-19T10:26:18", 
  "description": "Dictyotaceae spp."
 }
}, 
{
 "pk": 48, 
 "model": "redmapdb.speciesreportgroup", 
 "fields": {
  "update_number": 0, 
  "update_time": "2009-06-19T10:26:31", 
  "description": "Enteromorpha spp."
 }
}, 
{
 "pk": 49, 
 "model": "redmapdb.speciesreportgroup", 
 "fields": {
  "update_number": 0, 
  "update_time": "2009-06-19T10:26:40", 
  "description": "Erythroclonium spp."
 }
}, 
{
 "pk": 50, 
 "model": "redmapdb.speciesreportgroup", 
 "fields": {
  "update_number": 0, 
  "update_time": "2009-06-19T10:26:51", 
  "description": "Filamentous brown algae"
 }
}, 
{
 "pk": 51, 
 "model": "redmapdb.speciesreportgroup", 
 "fields": {
  "update_number": 0, 
  "update_time": "2009-06-19T10:27:02", 
  "description": "Filamentous green algae"
 }
}, 
{
 "pk": 52, 
 "model": "redmapdb.speciesreportgroup", 
 "fields": {
  "update_number": 0, 
  "update_time": "2009-06-19T10:27:11", 
  "description": "Filamentous red algae"
 }
}, 
{
 "pk": 53, 
 "model": "redmapdb.speciesreportgroup", 
 "fields": {
  "update_number": 0, 
  "update_time": "2009-06-19T10:27:21", 
  "description": "Foliose brown algae"
 }
}, 
{
 "pk": 54, 
 "model": "redmapdb.speciesreportgroup", 
 "fields": {
  "update_number": 0, 
  "update_time": "2009-06-19T10:27:34", 
  "description": "Foliose green algae"
 }
}, 
{
 "pk": 55, 
 "model": "redmapdb.speciesreportgroup", 
 "fields": {
  "update_number": 0, 
  "update_time": "2009-06-19T10:27:44", 
  "description": "Foliose red algae"
 }
}, 
{
 "pk": 56, 
 "model": "redmapdb.speciesreportgroup", 
 "fields": {
  "update_number": 0, 
  "update_time": "2009-06-19T10:27:54", 
  "description": "Galaxaura spp."
 }
}, 
{
 "pk": 57, 
 "model": "redmapdb.speciesreportgroup", 
 "fields": {
  "update_number": 0, 
  "update_time": "2009-06-19T10:28:03", 
  "description": "Gelidium spp."
 }
}, 
{
 "pk": 58, 
 "model": "redmapdb.speciesreportgroup", 
 "fields": {
  "update_number": 1, 
  "update_time": "2009-06-25T15:33:19", 
  "description": "Gorgonian spp."
 }
}, 
{
 "pk": 59, 
 "model": "redmapdb.speciesreportgroup", 
 "fields": {
  "update_number": 0, 
  "update_time": "2009-06-19T10:28:21", 
  "description": "Gracilaria spp."
 }
}, 
{
 "pk": 60, 
 "model": "redmapdb.speciesreportgroup", 
 "fields": {
  "update_number": 0, 
  "update_time": "2009-06-19T10:28:30", 
  "description": "Green algae (encrusting)"
 }
}, 
{
 "pk": 61, 
 "model": "redmapdb.speciesreportgroup", 
 "fields": {
  "update_number": 0, 
  "update_time": "2009-06-19T10:28:39", 
  "description": "Griffithsia spp."
 }
}, 
{
 "pk": 62, 
 "model": "redmapdb.speciesreportgroup", 
 "fields": {
  "update_number": 0, 
  "update_time": "2009-06-19T10:28:50", 
  "description": "Hymenocladia spp."
 }
}, 
{
 "pk": 63, 
 "model": "redmapdb.speciesreportgroup", 
 "fields": {
  "update_number": 0, 
  "update_time": "2009-06-19T10:28:59", 
  "description": "Hypnea spp."
 }
}, 
{
 "pk": 64, 
 "model": "redmapdb.speciesreportgroup", 
 "fields": {
  "update_number": 0, 
  "update_time": "2009-06-19T10:29:08", 
  "description": "Jania spp."
 }
}, 
{
 "pk": 65, 
 "model": "redmapdb.speciesreportgroup", 
 "fields": {
  "update_number": 0, 
  "update_time": "2009-06-19T10:29:18", 
  "description": "Laurencia spp."
 }
}, 
{
 "pk": 66, 
 "model": "redmapdb.speciesreportgroup", 
 "fields": {
  "update_number": 0, 
  "update_time": "2009-06-19T10:29:28", 
  "description": "Lenormandia spp."
 }
}, 
{
 "pk": 67, 
 "model": "redmapdb.speciesreportgroup", 
 "fields": {
  "update_number": 0, 
  "update_time": "2009-06-19T10:29:45", 
  "description": "Martensia spp."
 }
}, 
{
 "pk": 68, 
 "model": "redmapdb.speciesreportgroup", 
 "fields": {
  "update_number": 0, 
  "update_time": "2009-06-19T10:29:54", 
  "description": "Metagoniolithon spp."
 }
}, 
{
 "pk": 69, 
 "model": "redmapdb.speciesreportgroup", 
 "fields": {
  "update_number": 0, 
  "update_time": "2009-06-19T10:30:04", 
  "description": "Padina spp."
 }
}, 
{
 "pk": 70, 
 "model": "redmapdb.speciesreportgroup", 
 "fields": {
  "update_number": 0, 
  "update_time": "2009-06-19T10:30:15", 
  "description": "Peyssonnelia spp. (encrusting)"
 }
}, 
{
 "pk": 71, 
 "model": "redmapdb.speciesreportgroup", 
 "fields": {
  "update_number": 0, 
  "update_time": "2009-06-19T10:30:23", 
  "description": "Phacelocarpus spp."
 }
}, 
{
 "pk": 72, 
 "model": "redmapdb.speciesreportgroup", 
 "fields": {
  "update_number": 0, 
  "update_time": "2009-06-19T10:30:33", 
  "description": "Rhodoliths"
 }
}, 
{
 "pk": 73, 
 "model": "redmapdb.speciesreportgroup", 
 "fields": {
  "update_number": 0, 
  "update_time": "2009-06-19T10:30:46", 
  "description": "Rhodymenia spp."
 }
}, 
{
 "pk": 74, 
 "model": "redmapdb.speciesreportgroup", 
 "fields": {
  "update_number": 0, 
  "update_time": "2009-06-19T10:31:55", 
  "description": "Scinaia spp."
 }
}, 
{
 "pk": 75, 
 "model": "redmapdb.speciesreportgroup", 
 "fields": {
  "update_number": 0, 
  "update_time": "2009-06-19T10:32:05", 
  "description": "Serpulid spp."
 }
}, 
{
 "pk": 76, 
 "model": "redmapdb.speciesreportgroup", 
 "fields": {
  "update_number": 0, 
  "update_time": "2009-06-19T10:32:24", 
  "description": "Soft coral (encrusting)"
 }
}, 
{
 "pk": 77, 
 "model": "redmapdb.speciesreportgroup", 
 "fields": {
  "update_number": 0, 
  "update_time": "2009-06-19T10:32:35", 
  "description": "Sporochnus spp."
 }
}, 
{
 "pk": 78, 
 "model": "redmapdb.speciesreportgroup", 
 "fields": {
  "update_number": 0, 
  "update_time": "2009-06-19T10:32:43", 
  "description": "Turbinaria spp."
 }
}, 
{
 "pk": 79, 
 "model": "redmapdb.speciesreportgroup", 
 "fields": {
  "update_number": 0, 
  "update_time": "2009-06-19T10:32:53", 
  "description": "Turf algae"
 }
}, 
{
 "pk": 80, 
 "model": "redmapdb.speciesreportgroup", 
 "fields": {
  "update_number": 0, 
  "update_time": "2009-06-19T10:33:02", 
  "description": "Ulva spp."
 }
}, 
{
 "pk": 82, 
 "model": "redmapdb.speciesreportgroup", 
 "fields": {
  "update_number": 0, 
  "update_time": "2009-06-19T10:33:33", 
  "description": "Zonaria spp."
 }
}, 
{
 "pk": 83, 
 "model": "redmapdb.speciesreportgroup", 
 "fields": {
  "update_number": 0, 
  "update_time": "2009-06-25T15:27:43", 
  "description": "Nesogobius spp."
 }
}, 
{
 "pk": 84, 
 "model": "redmapdb.speciesreportgroup", 
 "fields": {
  "update_number": 0, 
  "update_time": "2009-06-25T15:28:44", 
  "description": "Epinephelus spp."
 }
}, 
{
 "pk": 85, 
 "model": "redmapdb.speciesreportgroup", 
 "fields": {
  "update_number": 0, 
  "update_time": "2009-06-25T15:29:23", 
  "description": "Birds"
 }
}, 
{
 "pk": 86, 
 "model": "redmapdb.speciesreportgroup", 
 "fields": {
  "update_number": 0, 
  "update_time": "2009-06-25T15:30:16", 
  "description": "Limpets"
 }
}, 
{
 "pk": 87, 
 "model": "redmapdb.speciesreportgroup", 
 "fields": {
  "update_number": 0, 
  "update_time": "2009-06-25T15:31:15", 
  "description": "Serpulorbis spp."
 }
}, 
{
 "pk": 88, 
 "model": "redmapdb.speciesreportgroup", 
 "fields": {
  "update_number": 0, 
  "update_time": "2009-06-25T15:32:08", 
  "description": "Chitons"
 }
}, 
{
 "pk": 90, 
 "model": "redmapdb.speciesreportgroup", 
 "fields": {
  "update_number": 0, 
  "update_time": "2009-06-25T15:34:14", 
  "description": "Bryozoans"
 }
}, 
{
 "pk": 91, 
 "model": "redmapdb.speciesreportgroup", 
 "fields": {
  "update_number": 0, 
  "update_time": "2009-06-25T15:35:02", 
  "description": "Brachiopods"
 }
}, 
{
 "pk": 92, 
 "model": "redmapdb.speciesreportgroup", 
 "fields": {
  "update_number": 0, 
  "update_time": "2009-06-25T15:35:52", 
  "description": "Zonaria turneriana/angustata"
 }
}, 
{
 "pk": 93, 
 "model": "redmapdb.speciesreportgroup", 
 "fields": {
  "update_number": 0, 
  "update_time": "2009-06-25T15:36:41", 
  "description": "Macrocystis spp."
 }
}, 
{
 "pk": 94, 
 "model": "redmapdb.speciesreportgroup", 
 "fields": {
  "update_number": 0, 
  "update_time": "2009-06-25T15:37:26", 
  "description": "Bryopsis spp."
 }
}, 
{
 "pk": 95, 
 "model": "redmapdb.speciesreportgroup", 
 "fields": {
  "update_number": 0, 
  "update_time": "2009-06-25T15:38:31", 
  "description": "Amphiroa spp."
 }
}, 
{
 "pk": 96, 
 "model": "redmapdb.speciesreportgroup", 
 "fields": {
  "update_number": 0, 
  "update_time": "2009-06-25T15:39:28", 
  "description": "Lithophyllum spp."
 }
}, 
{
 "pk": 1, 
 "model": "redmapdb.speciesinothergroup", 
 "fields": {
  "species_id": 171, 
  "update_number": 0, 
  "species_other_group": 1
 }
}, 
{
 "pk": 2, 
 "model": "redmapdb.speciesinothergroup", 
 "fields": {
  "species_id": 169, 
  "update_number": 0, 
  "species_other_group": 1
 }
}, 
{
 "pk": 3, 
 "model": "redmapdb.speciesinothergroup", 
 "fields": {
  "species_id": 277, 
  "update_number": 0, 
  "species_other_group": 1
 }
}, 
{
 "pk": 4, 
 "model": "redmapdb.speciesinothergroup", 
 "fields": {
  "species_id": 267, 
  "update_number": 0, 
  "species_other_group": 1
 }
}, 
{
 "pk": 5, 
 "model": "redmapdb.speciesinothergroup", 
 "fields": {
  "species_id": 26, 
  "update_number": 0, 
  "species_other_group": 1
 }
}, 
{
 "pk": 6, 
 "model": "redmapdb.speciesinothergroup", 
 "fields": {
  "species_id": 1689, 
  "update_number": 0, 
  "species_other_group": 1
 }
}, 
{
 "pk": 7, 
 "model": "redmapdb.speciesinothergroup", 
 "fields": {
  "species_id": 2271, 
  "update_number": 0, 
  "species_other_group": 1
 }
}, 
{
 "pk": 8, 
 "model": "redmapdb.speciesinothergroup", 
 "fields": {
  "species_id": 42, 
  "update_number": 0, 
  "species_other_group": 1
 }
}, 
{
 "pk": 9, 
 "model": "redmapdb.speciesinothergroup", 
 "fields": {
  "species_id": 2202, 
  "update_number": 0, 
  "species_other_group": 1
 }
}, 
{
 "pk": 10, 
 "model": "redmapdb.speciesinothergroup", 
 "fields": {
  "species_id": 43, 
  "update_number": 0, 
  "species_other_group": 1
 }
}, 
{
 "pk": 11, 
 "model": "redmapdb.speciesinothergroup", 
 "fields": {
  "species_id": 2270, 
  "update_number": 0, 
  "species_other_group": 1
 }
}, 
{
 "pk": 12, 
 "model": "redmapdb.speciesinothergroup", 
 "fields": {
  "species_id": 170, 
  "update_number": 0, 
  "species_other_group": 1
 }
}, 
{
 "pk": 13, 
 "model": "redmapdb.speciesinothergroup", 
 "fields": {
  "species_id": 2011, 
  "update_number": 0, 
  "species_other_group": 1
 }
}, 
{
 "pk": 14, 
 "model": "redmapdb.speciesinothergroup", 
 "fields": {
  "species_id": 46, 
  "update_number": 0, 
  "species_other_group": 1
 }
}, 
{
 "pk": 15, 
 "model": "redmapdb.speciesinothergroup", 
 "fields": {
  "species_id": 45, 
  "update_number": 0, 
  "species_other_group": 1
 }
}, 
{
 "pk": 16, 
 "model": "redmapdb.speciesinothergroup", 
 "fields": {
  "species_id": 2275, 
  "update_number": 0, 
  "species_other_group": 1
 }
}, 
{
 "pk": 17, 
 "model": "redmapdb.speciesinothergroup", 
 "fields": {
  "species_id": 36, 
  "update_number": 0, 
  "species_other_group": 1
 }
}, 
{
 "pk": 18, 
 "model": "redmapdb.speciesinothergroup", 
 "fields": {
  "species_id": 37, 
  "update_number": 0, 
  "species_other_group": 1
 }
}, 
{
 "pk": 19, 
 "model": "redmapdb.speciesinothergroup", 
 "fields": {
  "species_id": 39, 
  "update_number": 0, 
  "species_other_group": 1
 }
}, 
{
 "pk": 20, 
 "model": "redmapdb.speciesinothergroup", 
 "fields": {
  "species_id": 1713, 
  "update_number": 0, 
  "species_other_group": 1
 }
}, 
{
 "pk": 21, 
 "model": "redmapdb.speciesinothergroup", 
 "fields": {
  "species_id": 972, 
  "update_number": 0, 
  "species_other_group": 1
 }
}, 
{
 "pk": 22, 
 "model": "redmapdb.speciesinothergroup", 
 "fields": {
  "species_id": 1436, 
  "update_number": 0, 
  "species_other_group": 1
 }
}, 
{
 "pk": 23, 
 "model": "redmapdb.speciesinothergroup", 
 "fields": {
  "species_id": 968, 
  "update_number": 0, 
  "species_other_group": 1
 }
}, 
{
 "pk": 24, 
 "model": "redmapdb.speciesinothergroup", 
 "fields": {
  "species_id": 780, 
  "update_number": 0, 
  "species_other_group": 1
 }
}, 
{
 "pk": 26, 
 "model": "redmapdb.species", 
 "fields": {
  "species_name": "Hypoplectrodes maccullochi", 
  "family": "Serranidae", 
  "distribution_latitude_south_limit": "-41.8667", 
  "related": "<p>&nbsp;</p><div>Species names on the Redmap site are based on the <i>Codes for Australian Aquatic Biota or </i>CAAB (<a title=\\blocked::http://www.cmar.csiro.au/caab/\\\" href=\\\"http://www.cmar.csiro.au/caab/\\\"><span style=\\\"color: windowtext\\\">http://www.cmar.csiro.au/caab/</span></a>). This is updated regularly and lists the approved common name, family, species name&nbsp;and more.</div><div>&nbsp;</div><div>Redmap species descriptions were based, with permission&nbsp;from the following books.</div><div>&nbsp;</div><ul style=\\\"margin-top: 0cm\\\" type=\\\"disc\\\">    <li><b>Australian Marine Life: The Plants and Animals of Temperate Waters</b> by G. J. Edgar, Revised (2008) Reed Books, Melbourne</li></ul><ul style=\\\"margin-top: 0cm\\\" type=\\\"disc\\\">    <li><b>Fishes of Australia&rsquo;s Southern Coast</b>, Edited by M. Gomon. D. Bray and R. Kuiter (2008)&nbsp;Reed Books, Melbourne</li></ul><ul style=\\\"margin-top: 0cm\\\" type=\\\"disc\\\">    <li><b>Fishes of Tasmania</b> by P. Last, E. Scott and F. Talbot (1983). Tasmanian Fisheries Development Authority, Hobart</li></ul>\"", 
  "letter_code": "HMA", 
  "species_taxonomic_group": 1, 
  "featured": 0, 
  "phylum": "Chordata", 
  "rls_code": "HMA", 
  "common_name": "Half-banded seaperch", 
  "authority": "(Whitely, 1929)", 
  "html_name": "<i>Hypoplectrodes maccullochi</i>", 
  "picture_url": "pictures/4c7be019f779355cb2038806bcdf2b55/full.full", 
  "numeric_code": 26, 
  "notes": "Commonly found on reefs partly concealed among sponges and soft corals. Gomon, Bray & Kuiter (2008) include the west coast of Tas in its distribution.", 
  "species_report_group": null, 
  "short_description": "This fish is dark brown across its back with a pink middle and light pink underbelly. Distinct thin light bands vertically down its body that appear to fade midway down. Has a white dot on its \u00e2\u20ac\u02dcear\u00e2\u20ac\u2122 or opercle.Known from northern New South Wales to the north and north-east of Tasmania. Rare sightings at Maria Island.  Log it if you spot it south of Bicheno.", 
  "display_superseded": 0, 
  "update_time": "2010-04-20T13:07:22", 
  "description": "Known from northern New South Wales to the north and north-east of Tasmania (Bicheno). Sightings have been made at Maria Island.This fish is dark brown across its back with a pink middle and light pink underbelly. It also has distinct thin light bands vertically down its body that appear to fade mid way down - and hence its name. Has a white dot on its ear - or opercle.Family: SERRANIDAE known as rock cods.Habitat: Reef Size: Around 20cmImage: G. EdgarLog It: Log it if you spot it south of Bicheno.", 
  "synonym_for": null, 
  "superseded_id": null, 
  "habitat_picture_url": "", 
  "active": 0, 
  "species_epithet": "maccullochi", 
  "reference": "Edgar, 2008; Gomon, Bray & Kuiter, 2008", 
  "update_number": 4, 
  "class_field": "Actinopterygii", 
  "caab_code": "37 311036", 
  "genus": "Hypoplectrodes", 
  "order": "Perciformes", 
  "history": null
 }
}, 
{
 "pk": 36, 
 "model": "redmapdb.species", 
 "fields": {
  "species_name": "Girella elevata", 
  "family": "Kyphosidae", 
  "distribution_latitude_south_limit": "-41.333", 
  "related": "<p>&nbsp;</p><div>Species names on the Redmap site are based on the&nbsp;Codes for Australian Aquatic Biota or CAAB (<a href=\\http://www.cmar.csiro.au/caab/\\\" title=\\\"blocked::http://www.cmar.csiro.au/caab/\\\">http://www.cmar.csiro.au/caab/</a>). This is updated regularly and lists the approved common name, family, species name&nbsp;and more.</div><div>&nbsp;</div><div>Redmap species descriptions were based, with permission on the following books.</div><div>&nbsp;</div><ul type=\\\"disc\\\" style=\\\"margin-top: 0cm;\\\">    <li>Australian Marine Life: The Plants and Animals of Temperate Waters by G. J. Edgar, Revised (2008) Reed Books, Melbourne<br />    &nbsp;</li>    <li>Fishes of Australia&rsquo;s Southern Coast, Edited by M. Gomon. D. Bray and R. Kuiter (2008)&nbsp;Reed Books, Melbourne<br />    &nbsp;</li>    <li>Fishes of Tasmania by P. Last, E. Scott and F. Talbot (1983). Tasmanian Fisheries Development Authority, Hobart</li></ul>\"", 
  "letter_code": "GEL", 
  "species_taxonomic_group": 1, 
  "featured": 0, 
  "phylum": "Chordata", 
  "rls_code": "GEL", 
  "common_name": "Rock blackfish", 
  "authority": "Macleay, 1881", 
  "html_name": "<i>Girella elevata</i>", 
  "picture_url": "pictures/bec312f228ae3a01917e40a1cb745515/full.full", 
  "numeric_code": 36, 
  "notes": "Remains hidden in caves for most of the day, usually in shallow turbulent water. Found occasionally in protected inlets.", 
  "species_report_group": null, 
  "short_description": "Identified by its dark bluish-black colour, they have small mouths to enable them to feed on algae and invertebrates from the sea floor. Juveniles are mottled and banded. This species has been identified in the eastern Bass Strait and on the east coast. Log the rock blackfish if you spot it in the north-west, west or south of St Helens on the east coast", 
  "display_superseded": 0, 
  "update_time": "2010-07-27T10:22:25", 
  "description": "Rock Blackfish are considered a reef dwelling NSW species that has a range that can extend from southern Queensland to northern and north east Tasmania. May reach sizes of 7kg although usually about 2kg in Tasmania.Identified by its dark bluish black colour, they have small mouths to enable them to feed on algae and invertebrates from the sea floor. Juveniles mottled and banded. AKA: Black DrummerFamily: Kyphosidae known as drummers.Family members also on the Redmap list: luderick and zebrafishHabitat: ReefSize: Less than 80cmImage: NSW DPILog it: Log the rock blackfish if you spot it in the north-west, west or south of St Helens on the east coast", 
  "synonym_for": null, 
  "superseded_id": null, 
  "habitat_picture_url": "", 
  "active": 0, 
  "species_epithet": "elevata", 
  "reference": "Edgar, 2008; Gomon, Bray & Kuiter, 2008", 
  "update_number": 7, 
  "class_field": "Actinopterygii", 
  "caab_code": "37 361006", 
  "genus": "Girella", 
  "order": "Perciformes", 
  "history": null
 }
}, 
{
 "pk": 37, 
 "model": "redmapdb.species", 
 "fields": {
  "species_name": "Girella tricuspidata", 
  "family": "Kyphosidae", 
  "distribution_latitude_south_limit": "-41.333", 
  "related": "<p>Species names on the Redmap site are based on the&nbsp;<i>Codes for Australian Aquatic Biota or </i>CAAB (<a title=\\blocked::http://www.cmar.csiro.au/caab/\\\" href=\\\"http://www.cmar.csiro.au/caab/\\\"><span style=\\\"color: windowtext\\\">http://www.cmar.csiro.au/caab/</span><span style=\\\"color: windowtext\\\">).&nbsp;</span></a>&nbsp;This is updated regularly and lists the approved common name, family, species name&nbsp;and more.</p><div>Redmap species descriptions were based, with permission from <span>the following books. </span></div><div>&nbsp;</div><ul style=\\\"margin-top: 0cm\\\" type=\\\"disc\\\">    <li><b>Australian Marine Life: The Plants and Animals of Temperate Waters</b> by G. J. Edgar, Revised (2008) Reed Books, Melbourne</li></ul><ul style=\\\"margin-top: 0cm\\\" type=\\\"disc\\\">    <li><b>Fishes of Australia&rsquo;s Southern Coast</b>, Edited by M. Gomon. D. Bray and R. Kuiter (2008)&nbsp;Reed Books, Melbourne</li></ul><ul style=\\\"margin-top: 0cm\\\" type=\\\"disc\\\">    <li><b>Fishes of Tasmania</b> by P. Last, E. Scott and F. Talbot (1983). Tasmanian Fisheries Development Authority, Hobart</li></ul>\"", 
  "letter_code": "GTR", 
  "species_taxonomic_group": 1, 
  "featured": 0, 
  "phylum": "Chordata", 
  "rls_code": "GTR", 
  "common_name": "Luderick", 
  "authority": "(Quoy & Gaimard, 1824)", 
  "html_name": "<i>Girella tricuspidata</i>", 
  "picture_url": "pictures/9e2cb9746b3fc70d88beaf07fa44568d/full.full", 
  "numeric_code": 37, 
  "notes": "Adults occur abundantly in estuaries and on shallow coastal reefs. Juveniles are normally associated with estuarine seagrass for the first year before moving into deeper channels. Mature at about 3 years and about 250mm.", 
  "species_report_group": null, 
  "short_description": "Luderick are dark brown or greenish-grey colour with 10 to 12 narrow vertical bars down their side. Log a Luderick sighting if you spot it on the east coast south of St Helens and on either the west or south coasts.", 
  "display_superseded": 0, 
  "update_time": "2010-07-27T10:22:35", 
  "description": "The Luderick is widespread in eastern Australia from southern Queensland to central South Australia, including northern and north-eastern Tasmania. Luderick are dark brown or greenish-grey colour with 10 to 12 narrow vertical bars down their side. They have a slivery-grey underbelly. AKA: Blackie, BlackfishFamily: KYPHOSIDAE known as drummersFamily members also on the Redmap list: Rock blackfish and ZebrafishHabitat: ReefSize: Approximately 60cm in length and up to 3kgsImage: Peter GouldthorpeLog it: Log a Luderick sighting if you spot it on the east coast south of St Helens and on either the west or south coasts.", 
  "synonym_for": null, 
  "superseded_id": null, 
  "habitat_picture_url": "", 
  "active": 0, 
  "species_epithet": "tricuspidata", 
  "reference": "Edgar, 2008; Gomon, Bray & Kuiter, 2008", 
  "update_number": 5, 
  "class_field": "Actinopterygii", 
  "caab_code": "37 361007", 
  "genus": "Girella", 
  "order": "Perciformes", 
  "history": null
 }
}, 
{
 "pk": 39, 
 "model": "redmapdb.species", 
 "fields": {
  "species_name": "Girella zebra", 
  "family": "Kyphosidae", 
  "distribution_latitude_south_limit": "-41", 
  "related": "<div>Species names on the Redmap site are based on the&nbsp;Codes for Australian Aquatic Biota or CAAB (<a title=\\blocked::http://www.cmar.csiro.au/caab/\\\" href=\\\"http://www.cmar.csiro.au/caab/\\\">http://www.cmar.csiro.au/caab/</a>). This is updated regularly and lists the approved common name, family, species name&nbsp;and more.</div><div>&nbsp;</div><div>Redmap species descriptions were based, with permission on the following books.</div><div>&nbsp;</div><ul style=\\\"margin-top: 0cm\\\" type=\\\"disc\\\">    <li>Australian Marine Life: The Plants and Animals of Temperate Waters by G. J. Edgar, Revised (2008) Reed Books, Melbourne <br />    &nbsp;</li>    <li>Fishes of Australia&rsquo;s Southern Coast, Edited by M. Gomon. D. Bray and R. Kuiter (2008)&nbsp;Reed Books, Melbourne <br />    &nbsp;</li>    <li>Fishes of Tasmania by P. Last, E. Scott and F. Talbot (1983). Tasmanian Fisheries Development Authority, Hobart</li></ul>\"", 
  "letter_code": "GZE", 
  "species_taxonomic_group": 1, 
  "featured": 0, 
  "phylum": "Chordata", 
  "rls_code": "GZE", 
  "common_name": "Zebra fish", 
  "authority": "(Richardson, 1846)", 
  "html_name": "<i>Girella zebra</i>", 
  "picture_url": "pictures/6e5c90fade0f75079c7163af6d5c75df/full.full", 
  "numeric_code": 39, 
  "notes": "Similar shape to other Girella species but with easily recognised yellow fins. Occurs in schools of 5-30 animals on shallow sheltered reefs often near bolder fields. Distribution only in northern Tas (Gomon, Bray & Kuiter, 2008) ", 
  "species_report_group": null, 
  "short_description": "Identified by its whitish body and broad vertical stripes (9-10), which are thicker at the top and taper toward the underbelly area (ventral region). They have small mouths and chisel like teeth. Juveniles are darker so it is more difficult to see the bands.Log this species if you spot it on the west, east and south coasts.", 
  "display_superseded": 0, 
  "update_time": "2010-07-27T10:22:41", 
  "description": "Commonly found in shallow waters and reef environments across the southern coast of mainland Australia from Western Australia, South Australia and Victoria.  Well known in Bass Strait and across northern Tasmania.Identified by its whitish body and broad vertical stripes (9-10) which are thicker at the top and taper toward the underbelly area (ventral region). They have small mouths and chisel like teeth to enable them to feed on algae and invertebrates from the sea floor. Juveniles are darker so it is more difficult to see the bands.Family: KYPHOSIDAE known as drummersFamily members also on the Redmap list: luderick and rock blackfishHabitat: Rocky reefsSize: Up to 50cmsImage: T. CooperLog it: Log this species if you spot it on the west, east and south coasts.", 
  "synonym_for": null, 
  "superseded_id": null, 
  "habitat_picture_url": "", 
  "active": 0, 
  "species_epithet": "zebra", 
  "reference": "Edgar, 2008; Gomon, Bray & Kuiter, 2008", 
  "update_number": 7, 
  "class_field": "Actinopterygii", 
  "caab_code": "37 361008", 
  "genus": "Girella", 
  "order": "Perciformes", 
  "history": null
 }
}, 
{
 "pk": 42, 
 "model": "redmapdb.species", 
 "fields": {
  "species_name": "Atypichthys strigatus", 
  "family": "Scorpididae", 
  "distribution_latitude_south_limit": "-43", 
  "related": "<p>&nbsp;</p><div>Species names on the Redmap site are based on the&nbsp;Codes for Australian Aquatic Biota or CAAB (<a href=\\http://www.cmar.csiro.au/caab/\\\" title=\\\"blocked::http://www.cmar.csiro.au/caab/\\\">http://www.cmar.csiro.au/caab/</a>). This is updated regularly and lists the approved common name, family, species name&nbsp;and more.</div><div>&nbsp;</div><div>Redmap species descriptions were based, with permission on the following books.</div><div>&nbsp;</div><ul type=\\\"disc\\\" style=\\\"margin-top: 0cm;\\\">    <li>Australian Marine Life: The Plants and Animals of Temperate Waters by G. J. Edgar, Revised (2008) Reed Books, Melbourne <br />    &nbsp;</li>    <li>Fishes of Australia&rsquo;s Southern Coast, Edited by M. Gomon. D. Bray and R. Kuiter (2008)&nbsp;Reed Books, Melbourne<br />    &nbsp;</li>    <li>Fishes of Tasmania by P. Last, E. Scott and F. Talbot (1983). Tasmanian Fisheries Development Authority, Hobart</li></ul>\"", 
  "letter_code": "ASTR", 
  "species_taxonomic_group": 1, 
  "featured": 0, 
  "phylum": "Chordata", 
  "rls_code": "AST", 
  "common_name": "Mado sweep", 
  "authority": "(G\u00fcnther, 1860)", 
  "html_name": "<i>Atypichthys strigatus</i>", 
  "picture_url": "pictures/2ef6b2349e2dc439fa7f35690c507fcc/full.full", 
  "numeric_code": 42, 
  "notes": "One of the most abundant species on NSW coastal reefs, forming large schools. Frequently caught on line around wharfs and jetties, mostly used for bait.", 
  "species_report_group": null, 
  "short_description": "These can be identified by brown stripes running horizontally along the length of their silvery-white body (longitudinal stripes). They also have yellow fins (dorsal, anal and caudal).The mado is found in the Bass Strait and down the east coast to the Tasman Peninsula.Log it if you spot it south of Tasman Peninsula and off the western and southern coasts \u00e2\u20ac\u201c or directly off the mid north coast.", 
  "display_superseded": 0, 
  "update_time": "2010-04-20T13:09:02", 
  "description": "Common to the central New South Wales coast and also found in Victoria, Queensland and Tasmania. Mado are considered common in northern Tasmania and along the east coast and may be found south to Tasman Peninsula. Small reef fish, reach up to approximately 20 to 25cm. They can be identified by brown stripes running horizontally along the length of their silvery white body (longitudinal stripes). They also have yellow fins (dorsal, anal and caudal).\tAKA: Australian MadoFamily: Scorpididae or Kyphosidae known as sweepsHabitat: ReefSize: 20 to 25cmImage: G. EdgarLog it: Log it if you spot it south of Tasman Peninsula and off the western and southern coasts or directly off the mid north coast.", 
  "synonym_for": null, 
  "superseded_id": null, 
  "habitat_picture_url": "", 
  "active": 0, 
  "species_epithet": "strigatus", 
  "reference": "Edgar, 2008; Gomon, Bray & Kuiter, 2008", 
  "update_number": 5, 
  "class_field": "Actinopterygii", 
  "caab_code": "37 361010", 
  "genus": "Atypichthys", 
  "order": "Perciformes", 
  "history": null
 }
}, 
{
 "pk": 43, 
 "model": "redmapdb.species", 
 "fields": {
  "species_name": "Enoplosus armatus", 
  "family": "Enoplosidae", 
  "distribution_latitude_south_limit": "-42.75", 
  "related": "<p>&nbsp;Species names on the Redmap site are based on the <i>Codes for Australian Aquatic Biota or </i>CAAB (<a title=\\blocked::http://www.cmar.csiro.au/caab/\\\" href=\\\"http://www.cmar.csiro.au/caab/\\\"><span style=\\\"color: windowtext\\\">http://www.cmar.csiro.au/caab/</span></a>).</p><div>This is updated regularly and lists the approved common name, family, species name&nbsp;and more.</div><div>&nbsp;</div><div>Redmap species descriptions were based, with permission from the following books.</div><div>&nbsp;</div><ul style=\\\"margin-top: 0cm\\\" type=\\\"disc\\\">    <li><b>Australian Marine Life: The Plants and Animals of Temperate Waters</b> by G. J. Edgar, Revised (2008) Reed Books, Melbourne</li></ul><ul style=\\\"margin-top: 0cm\\\" type=\\\"disc\\\">    <li><b>Fishes of Australia&rsquo;s Southern Coast</b>, Edited by M. Gomon. D. Bray and R. Kuiter (2008)&nbsp;Reed Books, Melbourne</li></ul><ul style=\\\"margin-top: 0cm\\\" type=\\\"disc\\\">    <li><b>Fishes of Tasmania</b> by P. Last, E. Scott and F. Talbot (1983). Tasmanian Fisheries Development Authority, Hobart</li></ul>\"", 
  "letter_code": "EAR", 
  "species_taxonomic_group": 1, 
  "featured": 1, 
  "phylum": "Chordata", 
  "rls_code": "EAR", 
  "common_name": "Old wife", 
  "authority": "(Shaw, 1790)", 
  "html_name": "<i>Enoplosus armatus</i>", 
  "picture_url": "pictures/657f788fff4698eebe3a049e1ef57771/full.full", 
  "numeric_code": 43, 
  "notes": "Occurs in pairs or a solitary individuals in coastal reefs, however can Occur in large schools in sheltered habitats such as seagrass beds and beside jetty pylons. Spines on the first dorsal fin are venomous.", 
  "species_report_group": null, 
  "short_description": "The body is light and silvery with 6 to 8 vertical black bands of varying length and width. The old wife has poisonous sharp spines in its dorsal fins.Old Wife is considered quite common in Bass Strait and can be found in reef habitat along the north and north-east coasts. Log an old wife if you spot it south of Maria Island.", 
  "display_superseded": 0, 
  "update_time": "2010-04-20T13:11:49", 
  "description": "Found in shallow coastal reefs, from southern Queensland to Victoria and west to South Australia all the way to Western Australia. Known to be common in the Bass Strait and quite common in northern Tasmania. Considered rare in the southern Tasmania.The body is light and silvery with 6 to 8 vertical black bands of varying length and width. Quite similar in appearance to boarfishes but has two separate dorsal fines as an adult. The old wife is relatively small at 25cm and 800 grams but can pack a punch with poisonous spines in the dorsal fin.And its name, not very complementary and the reason behind it worse. When the old wife is stressed it makes a grating sound. Mmm who ever named this fish was not married I bet.Family: ENOPLOSIDAE, with only one species, the old wife.Habitat: Sheltered reef and sea grassSize: Up to 25 cm.Image: H. PedersonLog it: Log an old wife if you spot it south of Maria Island.", 
  "synonym_for": null, 
  "superseded_id": null, 
  "habitat_picture_url": "", 
  "active": 0, 
  "species_epithet": "armatus", 
  "reference": "Edgar, 2008; Gomon, Bray & Kuiter, 2008", 
  "update_number": 4, 
  "class_field": "Actinopterygii", 
  "caab_code": "37 366001", 
  "genus": "Enoplosus", 
  "order": "Perciformes", 
  "history": null
 }
}, 
{
 "pk": 45, 
 "model": "redmapdb.species", 
 "fields": {
  "species_name": "Chromis hypsilepis", 
  "family": "Pomacentridae", 
  "distribution_latitude_south_limit": "-39.5", 
  "related": "<p>&nbsp;</p><div>Species names on the Redmap site are based on the&nbsp;Codes for Australian Aquatic Biota or CAAB (<a title=\\blocked::http://www.cmar.csiro.au/caab/\\\" href=\\\"http://www.cmar.csiro.au/caab/\\\">http://www.cmar.csiro.au/caab/</a>). This is updated regularly and lists the approved common name, family, species name&nbsp;and more.</div><div>&nbsp;</div><div>Redmap species descriptions were based, with permission on the following books.</div><div>&nbsp;</div><ul style=\\\"margin-top: 0cm\\\" type=\\\"disc\\\">    <li>Australian Marine Life: The Plants and Animals of Temperate Waters by G. J. Edgar, Revised (2008) Reed Books, Melbourne <br />    &nbsp;</li>    <li>Fishes of Australia&rsquo;s Southern Coast, Edited by M. Gomon. D. Bray and R. Kuiter (2008)&nbsp;Reed Books, Melbourne <br />    &nbsp;</li>    <li>Fishes of Tasmania by P. Last, E. Scott and F. Talbot (1983). Tasmanian Fisheries Development Authority, Hobart</li></ul>\"", 
  "letter_code": "CHY", 
  "species_taxonomic_group": 1, 
  "featured": 0, 
  "phylum": "Chordata", 
  "rls_code": "CHY", 
  "common_name": "One-spot puller", 
  "authority": "(G\u00fcnther, 1867)", 
  "html_name": "<i>Chromis hypsilepis</i>", 
  "picture_url": "pictures/86d1eafddf1f7009a4506409a7c774b2/full.full", 
  "numeric_code": 45, 
  "notes": "Among the most abundant species on the southern NSW coastal reefs. Forms large aggregations that swim high above the bottom feeding on plankton. Adults nest communally depositing eggs together on tops of reefs were adult males guard the eggs masses.", 
  "species_report_group": null, 
  "short_description": "This species is a blue-grey colour and is identified by the one white spot found at the beginning of its tail, an area otherwise known as its caudal peduncle.Log a onespot puller sighting wherever it is spotted in Tasmanian waters.", 
  "display_superseded": 0, 
  "update_time": "2010-06-24T09:52:06", 
  "description": "Very common reef species in New South Wales and south to Victoria (Mallacoota) and the Bass Strait islands.This species is a blue grey colour with yellow on the head. It is easily identified by the singular spot found at the beginning of its tail, an area otherwise known as its caudal peduncle. Family: POMACENTRIDAE, known as damsel fishesFamily members also on the Redmap list: White-earHabitat: ReefSize: Small fish up to about 15cm.Image: T. CooperLog it: Log a onespot puller sighting wherever it is spotted in Tasmanian waters.", 
  "synonym_for": null, 
  "superseded_id": null, 
  "habitat_picture_url": "", 
  "active": 0, 
  "species_epithet": "hypsilepis", 
  "reference": "Edgar, 2008; Gomon, Bray & Kuiter, 2008; http://www.environment.gov.au/biodiversity/abrs/online-resources/fauna/afd/taxa/Chromis_hypsilepis", 
  "update_number": 6, 
  "class_field": "Actinopterygii", 
  "caab_code": "37 372002", 
  "genus": "Chromis", 
  "order": "Perciformes", 
  "history": null
 }
}, 
{
 "pk": 46, 
 "model": "redmapdb.species", 
 "fields": {
  "species_name": "Parma microlepis", 
  "family": "Pomacentridae", 
  "distribution_latitude_south_limit": "-41.333", 
  "related": "<p>Species names on the Redmap site are based on the&nbsp;Codes for Australian Aquatic Biota or CAAB (<a href=\\http://www.cmar.csiro.au/caab/\\\" title=\\\"blocked::http://www.cmar.csiro.au/caab/\\\">http://www.cmar.csiro.au/caab/</a>). This is updated regularly and lists the approved common name, family, species name&nbsp;and more.</p><div>&nbsp;</div><div>Redmap species descriptions were based, with permission on the following books.</div><div>&nbsp;</div><ul type=\\\"disc\\\" style=\\\"margin-top: 0cm;\\\">    <li>Australian Marine Life: The Plants and Animals of Temperate Waters by G. J. Edgar, Revised (2008) Reed Books, Melbourne <br />    &nbsp;</li>    <li>Fishes of Australia&rsquo;s Southern Coast, Edited by M. Gomon. D. Bray and R. Kuiter (2008)&nbsp;Reed Books, Melbourne <br />    &nbsp;</li>    <li>Fishes of Tasmania by P. Last, E. Scott and F. Talbot (1983). Tasmanian Fisheries Development Authority, Hobart</li></ul>\"", 
  "letter_code": "PMI", 
  "species_taxonomic_group": 1, 
  "featured": 0, 
  "phylum": "Chordata", 
  "rls_code": "PMI", 
  "common_name": "White-ear", 
  "authority": "G\u00fcnther, 1862", 
  "html_name": "<i>Parma microlepis</i>", 
  "picture_url": "pictures/dbeded7ff3f94956a8337b731cce74fc/full.full", 
  "numeric_code": 46, 
  "notes": "Extremely abundant on NSW coastal reefs. Males become aggressive during the breeding season and will guard eggs. Male also developed additional white patches on the head during this time.", 
  "species_report_group": null, 
  "short_description": "The most distinguishing mark is a silvery-white blotch where an ear may be on a fish if fish had ears\u00e2\u20ac\u00a6.it is actually on its gill cover or opercle. Otherwise the fish is brownish-black, although the juveniles of the species are colourful. Larger adults may have blue dots on the tail. Log the white-ear if you spot south of St Helens.", 
  "display_superseded": 0, 
  "update_time": "2010-04-20T13:17:02", 
  "description": "White-ear are common to northern New South Wales and are also present in Victoria and northern Tasmania, usually in the Bass Strait. Juveniles are common further south.Most distinguishing mark is a silvery-white blotch where an ear may be on a fish if fish had ears, it is actually on its gill cover or opercle. Otherwise the fish is brownish black, although the juveniles of the species are colourful. Larger adults may have blue dots on tail. Family: POMACENTRIDAE, known as damselfishesFamily members also on the Redmap list: Onespot pullersHabitat: ReefSize: Small fish up to 20cm although usually 14cmImage: G. EdgarLog it: Log the white-ear if you spot south of St Helens.", 
  "synonym_for": null, 
  "superseded_id": null, 
  "habitat_picture_url": "", 
  "active": 0, 
  "species_epithet": "microlepis", 
  "reference": "Edgar, 2008; Gomon, Bray & Kuiter, 2008", 
  "update_number": 4, 
  "class_field": "Actinopterygii", 
  "caab_code": "37 372005", 
  "genus": "Parma", 
  "order": "Perciformes", 
  "history": null
 }
}, 
{
 "pk": 169, 
 "model": "redmapdb.species", 
 "fields": {
  "species_name": "Achoerodus viridis", 
  "family": "Labridae", 
  "distribution_latitude_south_limit": "-39", 
  "related": "<p>Species names on the Redmap site are based on the&nbsp;<i>Codes for Australian Aquatic Biota or </i>CAAB (<a title=\\blocked::http://www.cmar.csiro.au/caab/\\\" href=\\\"http://www.cmar.csiro.au/caab/\\\"><span style=\\\"color: windowtext\\\">http://www.cmar.csiro.au/caab/</span></a>).</p><div>This is updated regularly and lists the approved common name, family, species name&nbsp;and more.</div><div>&nbsp;</div><div>Redmap species descriptions were based, with permission<u><font color=\\\"#008080\\\"> </font></u>on the following books.</div><ul>    <li>Australian Marine Life: The Plants and Animals of Temperate Waters by G. J. Edgar, Revised Ed. (2008 ) Reed Books, Melbourne<br />    &nbsp;</li>    <li>Fishes of Australia&rsquo;s Southern Coast, Edited by M. Gomon. D. Bray and R. Kuiter (2008)&nbsp;Reed Books, Melbourne <br />    &nbsp;</li>    <li>Last, P. R., Scott, E. 0. G., and Talbot, F. H. (1983). 'Fishes of Tasmania.' (Tasmanian Fisheries Development Authority: Hobart)</li></ul>\"", 
  "letter_code": "AVIR", 
  "species_taxonomic_group": 1, 
  "featured": 0, 
  "phylum": "Chordata", 
  "rls_code": "AVIR", 
  "common_name": "Eastern blue groper", 
  "authority": "(Steindachner, 1866)", 
  "html_name": "<i>Achoerodus viridis</i>", 
  "picture_url": "pictures/5a24a50974187025131ba2fb3d697dd5/full.full", 
  "numeric_code": 169, 
  "notes": "Large docile inquisitive fish that often follows divers. Decreased in numbers due to spearfishing and line fishing pressure., Protected in NSW. Male and female differ in colour with the males blue and females brownish.", 
  "species_report_group": null, 
  "short_description": "Males have fleshy lips and are a blue or blue-green colour. Females are brown with random light spotting/blotches. Juveniles are grey with similar blotches. Log this species wherever it is spotted in Tasmanian waters.", 
  "display_superseded": 0, 
  "update_time": "2010-04-20T13:05:04", 
  "description": "A common and well known New South Wales species found from Harvey Bay to Wilsons Promontory, Victoria. Sightings of Blue Gropers have been made in the Bass Strait and off the east coast of Tasmania.These are the state fish of New South Wales. One male groper heads a larger school and if he is removed the dominant female changes gender and colour and becomes the new replacement male.Old records from Hobart in 1840 show that Blue Gropers were present in the waters around the city at that time and even made it to the fish markets. This may mean that fishing practises or lack of suitable habitat, among other things, have prevented this species from returning to Tasmanian waters.MALE: Males have fleshy lips and are a blue or blue-green colour.FEMALE: Brown with random light spotting/blotches. JUVENILE: are grey with similar blotches.Family: LABRIDAE known as wrassesFamily members also on the Redmap list: Snakeskin Wrasse, Southern Maori Wrasse, Crimsonband WrasseHabitat: Exposed reefSize: Big! Up to 1mImage: NSW DPILog It: Log this species wherever it is spotted in Tasmanian waters.", 
  "synonym_for": null, 
  "superseded_id": null, 
  "habitat_picture_url": "", 
  "active": 0, 
  "species_epithet": "viridis", 
  "reference": "Edgar 2008, Gomon, Bray & Kuiter 2008", 
  "update_number": 6, 
  "class_field": "Actinopterygii", 
  "caab_code": "37 384043", 
  "genus": "Achoerodus", 
  "order": "Perciformes", 
  "history": null
 }
}, 
{
 "pk": 170, 
 "model": "redmapdb.species", 
 "fields": {
  "species_name": "Eupetrichthys angustipes", 
  "family": "Labridae", 
  "distribution_latitude_south_limit": "-39", 
  "related": "<p>Species names on the Redmap site are based on the&nbsp;<i>Codes for Australian Aquatic Biota or </i>CAAB (<a title=\\blocked::http://www.cmar.csiro.au/caab/\\\" href=\\\"http://www.cmar.csiro.au/caab/\\\"><span style=\\\"color: windowtext;\\\">http://www.cmar.csiro.au/caab/</span><span style=\\\"color: windowtext;\\\">).&nbsp;</span></a>&nbsp;This is updated regularly and lists the approved common name, family, species name&nbsp;and more.</p><div>Redmap species descriptions were based, with permission from <span>the following books. </span></div><div>&nbsp;</div><ul type=\\\"disc\\\" style=\\\"margin-top: 0cm;\\\">    <li><b>Australian Marine Life: The Plants and Animals of Temperate Waters</b> by G. J. Edgar, Revised (2008) Reed Books, Melbourne</li></ul><ul type=\\\"disc\\\" style=\\\"margin-top: 0cm;\\\">    <li><b>Fishes of Australia&rsquo;s Southern Coast</b>, Edited by M. Gomon. D. Bray and R. Kuiter (2008)&nbsp;Reed Books, Melbourne</li></ul><ul type=\\\"disc\\\" style=\\\"margin-top: 0cm;\\\">    <li><b>Fishes of Tasmania</b> by P. Last, E. Scott and F. Talbot (1983). Tasmanian Fisheries Development Authority, Hobart</li></ul>\"", 
  "letter_code": "EAN", 
  "species_taxonomic_group": 1, 
  "featured": 0, 
  "phylum": "Chordata", 
  "rls_code": "EAN", 
  "common_name": "Snake-skin wrasse", 
  "authority": "Ramsay & Ogolby, 1888", 
  "html_name": "<i>Eupetrichthys angustipes</i>", 
  "picture_url": "pictures/3c6052efa6199282f1fe8127dd87dcd4/full.full", 
  "numeric_code": 170, 
  "notes": "Quite similar to Dotalabrus aurantiacus in appearance and swimming styles. Eupetrichthys angusstipes has a more elongated body with a lighter coloured belly abruptly darkening above. Peculiar habit of lying on its side on the bottom with its head turned upwards. ", 
  "species_report_group": null, 
  "short_description": "Patterns comprise of 6 to 10 dark brown bands vertically down the flank of the fish which angle back (like a backslash on a keyboard). The face is speckled with brownish blotches.Log this species wherever it is spotted in Tasmanian waters.", 
  "display_superseded": 0, 
  "update_time": "2010-04-20T13:14:19", 
  "description": "This species is found throughout southern mainland Australia including northern New South Wales to south-western Western Australia and the Kent Group islands, Tasmania. Tricky fish to identify - can look like the Pretty Polly or Castelnaus Wrasse and even has similar swimming styles. Often can been seen swimming vertically with its tail toward the sea floor.It has a longer body (elongated) and a dark brown stripe or band horizontally along the length of its body. Patterns comprise of 5 to 10 dark brown bands vertically down the flank of the fish which angle back (like a backslash on a keyboard). Face speckled with brownish blotches.Family: LABRIDAE known as wrassesFamily members also on the Redmap list: southern maori wrasse, crimsonband wrasse, eastern blue groperHabitat: Exposed reefSize: Maximum size of 20 cm.Image: G. EdgarLog it: Log this species wherever it is spotted in Tasmanian waters.", 
  "synonym_for": null, 
  "superseded_id": null, 
  "habitat_picture_url": "", 
  "active": 0, 
  "species_epithet": "angustipes", 
  "reference": "Edgar, 2008; Gomon, Bray & Kuiter, 2008", 
  "update_number": 4, 
  "class_field": "Actinopterygii", 
  "caab_code": "37 384105", 
  "genus": "Eupetrichthys", 
  "order": "Perciformes", 
  "history": null
 }
}, 
{
 "pk": 171, 
 "model": "redmapdb.species", 
 "fields": {
  "species_name": "Notolabrus gymnogenis", 
  "family": "Labridae", 
  "distribution_latitude_south_limit": "-39", 
  "related": "<p class=\\MsoNormal\\\" style=\\\"margin: 0cm 0cm 0pt\\\">\t<span style=\\\"font-family: arial\\\"><font size=\\\"3\\\">Species names on the Redmap site are based on the&nbsp;<i>Codes for Australian Aquatic Biota or </i>CAAB </font><a href=\\\"http://www.cmar.csiro.au/caab/\\\"><span style=\\\"color: windowtext\\\"><font size=\\\"3\\\">http://www.cmar.csiro.au/caab/</font></span><br />\t<font size=\\\"3\\\"><o:p></o:p></font></a></span></p><p class=\\\"MsoNormal\\\" style=\\\"margin: 0cm 0cm 0pt\\\">\t<span style=\\\"font-family: arial\\\"><font size=\\\"3\\\">This is updated regularly and lists the approved common name, family, species name&nbsp;and more. <o:p></o:p></font></span></p><p class=\\\"MsoNormal\\\" style=\\\"margin: 0cm 0cm 0pt\\\">\t<span style=\\\"font-family: arial\\\"><o:p><font size=\\\"3\\\">&nbsp;</font></o:p></span></p><p class=\\\"MsoNormal\\\" style=\\\"margin: 0cm 0cm 0pt\\\">\t<span style=\\\"font-family: arial\\\"><font size=\\\"3\\\">Redmap species descriptions were based, with permission from the following books. <o:p></o:p></font></span></p><p class=\\\"MsoNormal\\\" style=\\\"margin: 0cm 0cm 0pt\\\">\t<span style=\\\"font-family: arial\\\"><o:p><font size=\\\"3\\\">&nbsp;</font></o:p></span></p><ul>\t<li>\t\t<font size=\\\"3\\\"><span style=\\\"font-family: arial\\\">Australian Marine Life: The Plants and Animals of Temperate Waters by G. J. Edgar, Revised (2008) </span><span style=\\\"font-family: arial; mso-bidi-font-family: 'times new roman'\\\">Reed Books, Melbourne</span></font></li>\t<li>\t\t<font size=\\\"3\\\"><span style=\\\"font-family: arial\\\">Fishes of Australia&rsquo;s Southern Coast, Edited by M. Gomon. D. Bray and R. Kuiter (2008)<span style=\\\"mso-spacerun: yes\\\">&nbsp; </span></span><span style=\\\"font-family: arial; mso-bidi-font-family: 'times new roman'\\\">Reed Books, <st1:city w:st=\\\"on\\\"><st1:place w:st=\\\"on\\\">Melbourne</st1:place></st1:city></span></font></li>\t<li>\t\t<font size=\\\"3\\\"><span style=\\\"font-family: arial; mso-bidi-font-family: 'times new roman'\\\"><st1:city w:st=\\\"on\\\"><st1:place w:st=\\\"on\\\"></st1:place></st1:city></span></font><span style=\\\"font-family: arial\\\"><font size=\\\"3\\\">Last, P. R., Scott, E. 0. G., and Talbot, F. H. (1983). &#39;Fishes of <st1:state w:st=\\\"on\\\"><st1:place w:st=\\\"on\\\">Tasmania</st1:place></st1:state>.&#39; (Tasmanian Fisheries Development Authority: <st1:city w:st=\\\"on\\\"><st1:place w:st=\\\"on\\\">Hobart</st1:place></st1:city>) </font></span></li></ul><p>\t<span style=\\\"font-family: arial\\\"><font size=\\\"3\\\"><o:p></o:p></font></span></p>\"", 
  "letter_code": "NGY", 
  "species_taxonomic_group": 1, 
  "featured": 0, 
  "phylum": "Chordata", 
  "rls_code": "NGY", 
  "common_name": "Crimson-banded wrasse", 
  "authority": "(G\u00fcnther, 1862)", 
  "html_name": "<i>Notolabrus gymnogenis</i>", 
  "picture_url": "pictures/f560285e80a93a4c8c2ad13de66d082f/full.full", 
  "numeric_code": 171, 
  "notes": "Very common on NSW coastal reefs. Males are brightly coloured with a red bad across the body and red dorsal and anal fins. Females reddish colour with numerous horizontal rows of white spots. Juveniles have rows of white spots set against a green-brown background. Kent Group TAS.", 
  "species_report_group": null, 
  "short_description": "Males have a green body and white tail with the namesake red band across the body and red fins. Females are coloured red to red-brown with many rows of white dots horizontally along the body. Juveniles are green with white spots.Log this species wherever it is spotted in Tasmanian waters.", 
  "display_superseded": 0, 
  "update_time": "2010-02-17T14:31:07", 
  "description": "This wrasse is a well known New South Wales coastal reef species that also inhabits the coast from Queensland and south to Mallacoota. In Tasmania, this species has been identified in diving surveys in the Bass Strait and around the Kent Group Islands.MALE: have a green body and white tail with the namesake red band across the body and red fins. FEMALE: The females are red with many rows of white dots all over the body. JUVENILE: are green with white spots.Family: LABRIDAE known as wrassesFamily members also on the Redmap list: southern maori wrasse, snakeskin wrasse and eastern blue groperHabitat: Exposed reefSize: Up to about 50cmImage: G. Edgar (Female) and R. Stuart-Smith (Male)Log it: Log this species wherever it is spotted in Tasmanian waters.", 
  "synonym_for": null, 
  "superseded_id": null, 
  "habitat_picture_url": "", 
  "active": 0, 
  "species_epithet": "gymnogenis", 
  "reference": "Edgar, 2008", 
  "update_number": 11, 
  "class_field": "Actinopterygii", 
  "caab_code": "37 384041", 
  "genus": "Notolabrus", 
  "order": "Perciformes", 
  "history": null
 }
}, 
{
 "pk": 267, 
 "model": "redmapdb.species", 
 "fields": {
  "species_name": "Octopus tetricus", 
  "family": "Octopodidae", 
  "distribution_latitude_south_limit": "-39", 
  "related": "<p>Species names on the Redmap site are based on the&nbsp;<i>Codes for Australian Aquatic Biota or </i>CAAB (<a title=\\blocked::http://www.cmar.csiro.au/caab/\\\" href=\\\"http://www.cmar.csiro.au/caab/\\\"><span style=\\\"color: windowtext\\\">http://www.cmar.csiro.au/caab/</span></a>).</p><div>This is updated regularly and lists the approved common name, family, species name&nbsp;and more.</div><div>&nbsp;</div><div>Redmap species descriptions were based, with permission<span> on the following books. </span></div><div>&nbsp;</div><ul style=\\\"margin-top: 0cm\\\" type=\\\"disc\\\">    <li><b>Australian Marine Life: The Plants and Animals of Temperate Waters</b> by G. J. Edgar, Revised (2008) Reed Books, Melbourne</li></ul><ul style=\\\"margin-top: 0cm\\\" type=\\\"disc\\\">    <li><b>Fishes of Australia&rsquo;s Southern Coast</b>, Edited by M. Gomon. D. Bray and R. Kuiter (2008)&nbsp;Reed Books, Melbourne</li></ul><ul style=\\\"margin-top: 0cm\\\" type=\\\"disc\\\">    <li><b>Fishes of Tasmania</b> by P. Last, E. Scott and F. Talbot (1983). Tasmanian Fisheries Development Authority, Hobart</li></ul>\"", 
  "letter_code": "OTE", 
  "species_taxonomic_group": 14, 
  "featured": 0, 
  "phylum": "Mollusca", 
  "rls_code": "OTE", 
  "common_name": "Gloomy octopus", 
  "authority": "Gould, 1852", 
  "html_name": "<i>Octopus tetricus</i>", 
  "picture_url": "pictures/9ef6ef200ca4d454264d25fe250db5f7/full.full", 
  "numeric_code": 267, 
  "notes": "\r\r", 
  "species_report_group": null, 
  "short_description": "Current Tasmanian range is still unknown. Some sightings in northeastern Tasmania by local commercial fishers. Look for its white eyes, brown body and distinct orange underside.Log this species wherever it is spotted in Tasmanian waters.", 
  "display_superseded": 0, 
  "update_time": "2010-04-20T13:05:51", 
  "description": "This octopus usually inhabits waters off New South Wales, commonly Sydney. You would really have to catch this octopus to easily identify it. Often octopus look like two eyes peering out from a rock crevice. If you are lucky enough to spot this up close, look for its white eyes, brown body and distinct orange underside. AKA: Sydney OctopusFamily OCTOPODIDAEHabitat: Adult octopus live in reef environments.Size: Can reach an arm span of 2 m.Image: R. Stuart-SmithLog It: Log this species wherever it is spotted in Tasmanian waters.", 
  "synonym_for": null, 
  "superseded_id": null, 
  "habitat_picture_url": "", 
  "active": 0, 
  "species_epithet": "tetricus", 
  "reference": "Edgar, 2008", 
  "update_number": 3, 
  "class_field": "Cephalopoda", 
  "caab_code": "23 659006", 
  "genus": "Octopus", 
  "order": "Octopoda", 
  "history": null
 }
}, 
{
 "pk": 277, 
 "model": "redmapdb.species", 
 "fields": {
  "species_name": "Jasus verreauxi", 
  "family": "Palinuridae", 
  "distribution_latitude_south_limit": "-39", 
  "related": "<p>Species names on the Redmap site are based on the <i>Codes for Australian Aquatic Biota or </i>CAAB <a title=\\blocked::http://www.cmar.csiro.au/caab/\\\" href=\\\"http://www.cmar.csiro.au/caab/\\\"><span style=\\\"color: windowtext;\\\">http://www.cmar.csiro.au/caab/</span></a></p><div>This is updated regularly and lists the approved common name, family, species name&nbsp;and more.</div><div>&nbsp;</div><div>Redmap species descriptions were based, with permission<span> on the following books. </span></div><div>&nbsp;</div><ul type=\\\"disc\\\" style=\\\"margin-top: 0cm;\\\">    <li><b>Australian Marine Life: The Plants and Animals of Temperate Waters</b> by G. J. Edgar, Revised (2008 ) Reed Books, Melbourne</li></ul><p>&nbsp;</p><ul type=\\\"disc\\\" style=\\\"margin-top: 0cm;\\\">    <li><b>Fishes of Australia&rsquo;s Southern Coast</b>, Edited by M. Gomon. D. Bray and R. Kuiter (2008)&nbsp;Reed Books, Melbourne<br />    &nbsp;</li>    <li><b>Fishes of Tasmania</b> by P. Last, E. Scott and F. Talbot (1983). Tasmanian Fisheries Development Authority, Hobart</li></ul>\"", 
  "letter_code": "JVE", 
  "species_taxonomic_group": 6, 
  "featured": 0, 
  "phylum": "Arthropoda", 
  "rls_code": null, 
  "common_name": "Eastern rock lobster", 
  "authority": "(Milne Edwards, 1834)", 
  "html_name": "<i>Jasus verreauxi</i>", 
  "picture_url": "pictures/75339940dfd4479e2ecf3775c169539b/full.full", 
  "numeric_code": 277, 
  "notes": "\r\r", 
  "species_report_group": null, 
  "short_description": "Very similar to southern rock lobster but the body is green and it has orange-brown legs.Occurs intermittently in Tasmania and is expected to be more common on the east coast.  Log this species wherever it is spotted in Tasmanian waters.", 
  "display_superseded": 0, 
  "update_time": "2010-04-20T13:05:36", 
  "description": "This species is more common to New South Wales and is captured regularly in north-eastern regions of Tasmania in small numbers. Some fishers report seeing the occasional specimen around south-western Tasmania. Mature female eastern rock lobsters have not been reported from Tasmania. Larvae are thought to be delivered into Tasmanian waters via the East Australian Current. The eastern rock lobster is faster growing than the southern rock lobster and reaches larger sizes, with females maturing at around 165 millimetres. It is the largest rock lobster in the world. It does not start producing eggs until it reaches 2 kg, about double the size of southern rock lobsters. The eastern rock lobster has a similar appearance to the southern rock lobster, although the body is green with orange/brown legs.AKA: green rock lobsterFamily: PALINURIDAE known as rock lobsters Habitat: ReefsSize: Carapace length 40cm although more commonly 15cmImage: T. CooperLog it: Log this species wherever it is spotted in Tasmanian waters.", 
  "synonym_for": null, 
  "superseded_id": null, 
  "habitat_picture_url": "", 
  "active": 0, 
  "species_epithet": "verreauxi", 
  "reference": "Edgar, 2008", 
  "update_number": 4, 
  "class_field": "Malacostraca", 
  "caab_code": "28 820002", 
  "genus": "Jasus", 
  "order": "Decapoda", 
  "history": null
 }
}, 
{
 "pk": 780, 
 "model": "redmapdb.species", 
 "fields": {
  "species_name": "Squatina australis", 
  "family": "Squatinidae", 
  "distribution_latitude_south_limit": null, 
  "related": null, 
  "letter_code": "SQAU", 
  "species_taxonomic_group": 43, 
  "featured": 0, 
  "phylum": "Chordata", 
  "rls_code": "SQA", 
  "common_name": "Angel shark", 
  "authority": "Regan, 1906", 
  "html_name": "<i>Squatina australis</i>", 
  "picture_url": "", 
  "numeric_code": 768, 
  "notes": "Usually found buried under a thin layer of sand near reef edges or seegrass beds, but not common.", 
  "species_report_group": null, 
  "short_description": null, 
  "display_superseded": 0, 
  "update_time": "2010-07-28T11:27:33", 
  "description": null, 
  "synonym_for": null, 
  "superseded_id": null, 
  "habitat_picture_url": "", 
  "active": null, 
  "species_epithet": "australis", 
  "reference": "Edgar, 2008; Last & Stevens, 2009", 
  "update_number": 3, 
  "class_field": "Chondrichthyes", 
  "caab_code": "37 024001", 
  "genus": "Squatina", 
  "order": "Squatiniformes", 
  "history": null
 }
}, 
{
 "pk": 968, 
 "model": "redmapdb.species", 
 "fields": {
  "species_name": "Seriola lalandi", 
  "family": "Carangidae", 
  "distribution_latitude_south_limit": "-42.667", 
  "related": "<p>Species names on the Redmap site are based on the&nbsp;Codes for Australian Aquatic Biota or CAAB (<a title=\\blocked::http://www.cmar.csiro.au/caab/\\\" href=\\\"http://www.cmar.csiro.au/caab/\\\">http://www.cmar.csiro.au/caab/</a>). This is updated regularly and lists the approved common name, family, species name&nbsp;and more.</p><div>Redmap species descriptions were based, with permission on the following books.</div><div>&nbsp;</div><ul style=\\\"margin-top: 0cm\\\" type=\\\"disc\\\">    <li>Australian Marine Life: The Plants and Animals of Temperate Waters by G. J. Edgar, Revised (2008) Reed Books, Melbourne <br />    &nbsp;</li>    <li>Fishes of Australia&rsquo;s Southern Coast, Edited by M. Gomon. D. Bray and R. Kuiter (2008)&nbsp;Reed Books, Melbourne <br />    &nbsp;</li>    <li>Fishes of Tasmania by P. Last, E. Scott and F. Talbot (1983). Tasmanian Fisheries Development Authority, Hobart</li></ul>\"", 
  "letter_code": "SLA", 
  "species_taxonomic_group": 1, 
  "featured": 0, 
  "phylum": "Chordata", 
  "rls_code": "SLA", 
  "common_name": "Yellow-tail kingfish", 
  "authority": "Valenciennes, 1833", 
  "html_name": "<i>Seriola lalandi</i>", 
  "picture_url": "pictures/5f1b34181f29b1e44fd1d7686a37f7bb/full.full", 
  "numeric_code": 968, 
  "notes": "Species occurs in large schools on coastal reefs, particularly near deep dropoffs, also occasionally enters estuaries. Game fish.", 
  "species_report_group": null, 
  "short_description": "Yellowtail kingfish are streamlined, schooling fish which grow to a large size and are blue-green with a yellow stripe along the length of their bodies.Kingfish were not always so common in Tasmania. Log them if you spot them south of Maria Island.", 
  "display_superseded": 0, 
  "update_time": "2010-11-15T12:10:46", 
  "description": "A good catch from northern New South Wales across southern mainland Australia to Western Australia including South Australia. Often caught in Northern Tasmania the kingfish is anecdotally considered to be getting more common in southern Tasmania in recent years.Yellowtail kingfish are streamlined, schooling fish which grow to a large size. Dark blue-green with a yellow stripe along the length of their bodies.AKA: KingiesFamily: CARANGIDAE, known as trevalliesHabitat: Open waterSize: Up to 2 to 2.5 metresImage: Peter GouldthorpeLog it: Log them if you spot them south of Maria Island.", 
  "synonym_for": null, 
  "superseded_id": null, 
  "habitat_picture_url": "", 
  "active": 0, 
  "species_epithet": "lalandi", 
  "reference": "Edgar, 2008; Gomon, Bray & Kuiter, 2008", 
  "update_number": 6, 
  "class_field": "Actinopterygii", 
  "caab_code": "37 337006", 
  "genus": "Seriola", 
  "order": "Perciformes", 
  "history": null
 }
}, 
{
 "pk": 972, 
 "model": "redmapdb.species", 
 "fields": {
  "species_name": "Pomatomus saltatrix", 
  "family": "Pomatomidae", 
  "distribution_latitude_south_limit": "-41.333", 
  "related": "<p>Species names on the Redmap site are based on the&nbsp;Codes for Australian Aquatic Biota or CAAB (<a href=\\http://www.cmar.csiro.au/caab/\\\" title=\\\"blocked::http://www.cmar.csiro.au/caab/\\\">http://www.cmar.csiro.au/caab/</a>). This is updated regularly and lists the approved common name, family, species name&nbsp;and more.</p><div>Redmap species descriptions were based, with permission on the following books.</div><div>&nbsp;</div><ul type=\\\"disc\\\" style=\\\"margin-top: 0cm;\\\">    <li>Australian Marine Life: The Plants and Animals of Temperate Waters by G. J. Edgar, Revised (2008) Reed Books, Melbourne <br />    &nbsp;</li>    <li>Fishes of Australia&rsquo;s Southern Coast, Edited by M. Gomon. D. Bray and R. Kuiter (2008)&nbsp;Reed Books, Melbourne <br />    &nbsp;</li>    <li>Fishes of Tasmania by P. Last, E. Scott and F. Talbot (1983). Tasmanian Fisheries Development Authority, Hobart</li></ul>\"", 
  "letter_code": "PSA", 
  "species_taxonomic_group": 1, 
  "featured": 0, 
  "phylum": "Chordata", 
  "rls_code": "PSA", 
  "common_name": "Tailor", 
  "authority": "(Linnaeus, 1766)", 
  "html_name": "<i>Pomatomus saltatrix </i>", 
  "picture_url": "pictures/b7b2a07b2f3617dfd61c28232fc9b696/full.full", 
  "numeric_code": 972, 
  "notes": "Occurs in warm temperate seas on all continents. Open-water migratory species moving S from subtropical area in spring and N in autumn.", 
  "species_report_group": null, 
  "short_description": "Tailor are grey with a pale belly, have a broad forked tail and a streamlined body. Watch out for their teeth, there is a good reason they are also called Choppers!Tailor are recent arrivals to many parts of Tasmania, and becoming more common on the east coast where in places such as St Helens they were not seen as little as 3 to 5 years ago. Log this species if you spot it south of St Helens.", 
  "display_superseded": 0, 
  "update_time": "2010-09-27T11:55:15", 
  "description": "Distributed from northern New South Wales across southern mainland Australia to Western Australia. Tailor are also known in recent years to inhabit the warmer waters of northern Tasmania. However, anecdotally this species is considered becoming more common on the east coast and in southern Tasmania. For example fishers in St Helens informed Redmap that Tailor were not known around St Helens as little as 4 to 5 years ago. Tailor are a migratory species which are known to move south in the spring. Tailor are streamlined, coloured grey with a pale belly and have a broad forked tail. Watch out for their teeth, there is a good reason they are also called choppers.AKA: ChoppersFamily: POMATOMIDAE known as tailorsHabitat: Open oceanSize: Can grow to 1.2 metres, commonly 60cmsImage: NSW DPILog it: Log this species if you spot it south of St Helens.", 
  "synonym_for": null, 
  "superseded_id": null, 
  "habitat_picture_url": "", 
  "active": 0, 
  "species_epithet": "saltatrix", 
  "reference": "Edgar, 2008; Gomon, Bray & Kuiter, 2008", 
  "update_number": 6, 
  "class_field": "Actinopterygii", 
  "caab_code": "37 334002", 
  "genus": "Pomatomus", 
  "order": "Perciformes", 
  "history": "Pomatomus saltator"
 }
}, 
{
 "pk": 1436, 
 "model": "redmapdb.species", 
 "fields": {
  "species_name": "Aplodactylus lophodon", 
  "family": "Aplodactylidae", 
  "distribution_latitude_south_limit": "-39", 
  "related": "<div>Species names on the Redmap site are based on the&nbsp;Codes for Australian Aquatic Biota or CAAB (<a title=\\blocked::http://www.cmar.csiro.au/caab/\\\" href=\\\"http://www.cmar.csiro.au/caab/\\\">http://www.cmar.csiro.au/caab/</a>). This is updated regularly and lists the approved common name, family, species name&nbsp;and more.</div><div>&nbsp;</div><div>Redmap species descriptions were based, with permission on the following books.</div><div>&nbsp;</div><ul style=\\\"margin-top: 0cm\\\" type=\\\"disc\\\">    <li>Australian Marine Life: The Plants and Animals of Temperate Waters by G. J. Edgar, Revised (2008) Reed Books, Melbourne<br />    &nbsp;</li>    <li>Fishes of Australia&rsquo;s Southern Coast, Edited by M. Gomon. D. Bray and R. Kuiter (2008)&nbsp;Reed Books, Melbourne<br />    &nbsp;</li>    <li>Fishes of Tasmania by P. Last, E. Scott and F. Talbot (1983). Tasmanian Fisheries Development Authority, Hobart</li></ul>\"", 
  "letter_code": "ALO", 
  "species_taxonomic_group": 1, 
  "featured": 0, 
  "phylum": "Chordata", 
  "rls_code": "ALO", 
  "common_name": "Rock cale", 
  "authority": "(G\u00fcnther, 1859) ", 
  "html_name": "<i>Aplodactylus lophodon</i>", 
  "picture_url": "pictures/f88d37b08cac7e0c4b98634594d05aa1/full.full", 
  "numeric_code": null, 
  "notes": "The most abundant large fish seen in and just below the surge zone on exposed coastal reefs in NSW.\r\nAlso N TAS", 
  "species_report_group": null, 
  "short_description": "The rock cale has a dark olive colour and small white spots on its fins and upper flank. Likes to feed in shallow water and protects itself from big swell by lodging itself in rock crevices. It has no teeth.Log the rock cale wherever it is spotted in Tasmanian waters. ", 
  "display_superseded": 0, 
  "update_time": "2010-11-15T12:02:45", 
  "description": "Species common to New South Wales and south to Victoria. Rare in Tasmania, sightings are limited to the Kent Group islands.Generally the rock cale has no teeth, a rounded nose or snout and small white spots on their fins and sides. Likes to feed in shallow waters and protects itself from big swell by lodging itself in rock crevices.MALE: Colour varies from dark grey, to olive-brown and blackFEMALE: Colour varies from dark grey to brownJUVELILE:  Juveniles have a white patch on the gill cover or opercle.AKA: Cockatoofish, Rock Cocky, JoeyFamily APLODACTYLIDAE known as marble fishesHabitat: Shallow reef Size: under 50cm usually approximately 35cm.Image: G.EdgarLog it: Log the rock cale wherever it is spotted in Tasmanian waters.", 
  "synonym_for": null, 
  "superseded_id": null, 
  "habitat_picture_url": "", 
  "active": 0, 
  "species_epithet": "lophodon", 
  "reference": "Edgar, 2008", 
  "update_number": 6, 
  "class_field": "Actinopterygii", 
  "caab_code": "37 376002 ", 
  "genus": "Aplodactylus", 
  "order": "Perciformes", 
  "history": "Previously Crinodus lophodon (Russell BC, 2000)"
 }
}, 
{
 "pk": 1689, 
 "model": "redmapdb.species", 
 "fields": {
  "species_name": "Nemadactylus douglasii", 
  "family": "Cheilodactylidae", 
  "distribution_latitude_south_limit": "-39", 
  "related": "<p>&nbsp;</p><div>Species names on the Redmap site are based on the&nbsp;Codes for Australian Aquatic Biota or CAAB (<a href=\\http://www.cmar.csiro.au/caab/\\\" title=\\\"blocked::http://www.cmar.csiro.au/caab/\\\">http://www.cmar.csiro.au/caab/</a>). This is updated regularly and lists the approved common name, family, species name&nbsp;and more.</div><div>&nbsp;</div><div>Redmap species descriptions were based, with permission on the following books.</div><div>&nbsp;</div><ul type=\\\"disc\\\" style=\\\"margin-top: 0cm;\\\">    <li>Australian Marine Life: The Plants and Animals of Temperate Waters by G. J. Edgar, Revised (2008) Reed Books, Melbourne<br />    &nbsp;</li>    <li>Fishes of Australia&rsquo;s Southern Coast, Edited by M. Gomon. D. Bray and R. Kuiter (2008)&nbsp;Reed Books, Melbourne<br />    &nbsp;</li>    <li>Fishes of Tasmania by P. Last, E. Scott and F. Talbot (1983). Tasmanian Fisheries Development Authority, Hobart</li></ul>\"", 
  "letter_code": "NDO", 
  "species_taxonomic_group": 1, 
  "featured": 0, 
  "phylum": "Chordata", 
  "rls_code": "NDO", 
  "common_name": "Grey morwong", 
  "authority": "(Hector, 1875)", 
  "html_name": "<i>Nemadactylus douglasii</i>", 
  "picture_url": "pictures/7ffe69d4160afa7dcc9c70cc61b96a2f/full.full", 
  "numeric_code": null, 
  "notes": "Usually seen in small groups on sand besides reef in NSW, sometimes seen resting during the day propped on its elongated pectoral fins. Forms large schools in deeper water.", 
  "species_report_group": null, 
  "short_description": "The adult Morwong is very plain with no markings, blotches or patterns, just a light silvery blue with blue tail fins. Juveniles will have a dark blotch on the side.Log this species wherever it is spotted in Tasmanian waters.", 
  "display_superseded": 0, 
  "update_time": "2010-04-20T13:07:44", 
  "description": "A well known NSW coastal reef species present from southern Queensland to Victoria.  Adults are considered rare but present in the Bass Strait, around King Island. These would be a good fish for kissing as they have big lips! Not recommended though. The adult morwong is very plain, no marking, blotches or patterns just a light silvery blue with blue tail fins. Juveniles will have a dark blotch on the side.AKA: Blue Morwong or Great PerchFamily: CHEILODACTYLIDAE known as morwongsHabitat: Reefs and sandSize: under 80 cmImage: G. EdgarLog it: Log this species wherever it is spotted in Tasmanian waters.", 
  "synonym_for": null, 
  "superseded_id": null, 
  "habitat_picture_url": "", 
  "active": 0, 
  "species_epithet": "douglasii", 
  "reference": "Edgar, 2008; Gomon, Bray & Kuiter, 2008", 
  "update_number": 7, 
  "class_field": "Actinopterygii", 
  "caab_code": "37 377002", 
  "genus": "Nemadactylus", 
  "order": "Perciformes", 
  "history": null
 }
}, 
{
 "pk": 1713, 
 "model": "redmapdb.species", 
 "fields": {
  "species_name": "Pagrus auratus", 
  "family": "Sparidae", 
  "distribution_latitude_south_limit": "-43.667", 
  "related": "<p>Species names on the Redmap site are based on the&nbsp;<i>Codes for Australian Aquatic Biota or </i>CAAB (<a title=\\blocked::http://www.cmar.csiro.au/caab/\\\" href=\\\"http://www.cmar.csiro.au/caab/\\\"><span style=\\\"color: windowtext\\\">http://www.cmar.csiro.au/caab/</span><span style=\\\"color: windowtext\\\">).&nbsp;</span></a>&nbsp;This is updated regularly and lists the approved common name, family, species name&nbsp;and more.</p><div>Redmap species descriptions were based, with permission from <span>the following books. </span></div><div>&nbsp;</div><ul style=\\\"margin-top: 0cm\\\" type=\\\"disc\\\">    <li><b>Australian Marine Life: The Plants and Animals of Temperate Waters</b> by G. J. Edgar, Revised (2008) Reed Books, Melbourne</li></ul><ul style=\\\"margin-top: 0cm\\\" type=\\\"disc\\\">    <li><b>Fishes of Australia&rsquo;s Southern Coast</b>, Edited by M. Gomon. D. Bray and R. Kuiter (2008)&nbsp;Reed Books, Melbourne</li></ul><ul style=\\\"margin-top: 0cm\\\" type=\\\"disc\\\">    <li><b>Fishes of Tasmania</b> by P. Last, E. Scott and F. Talbot (1983). Tasmanian Fisheries Development Authority, Hobart</li></ul>\"", 
  "letter_code": "PAU", 
  "species_taxonomic_group": 1, 
  "featured": 0, 
  "phylum": "Chordata", 
  "rls_code": "PAU", 
  "common_name": "Snapper", 
  "authority": "(Bloch & Schneider, 1801)", 
  "html_name": "<i>Pagrus auratus</i>", 
  "picture_url": "pictures/de88ba3e3d73ab588de130239840b8ee/full.full", 
  "numeric_code": null, 
  "notes": "Forms schools in shallow water to spawn when the water temperatures pass 18C, thus during summer in Vic and winter in Qld and central WA.", 
  "species_report_group": null, 
  "short_description": "Mature snapper are pink and appear to have a convex forehead in larger adults. Juveniles have blue spots over the body. Snapper have strong jaws and dorsal spines capable of breaking off in a wound.Snapper are common in the north and becoming more common in the south. Log this species only if you spot it south of Maria Island.", 
  "display_superseded": 0, 
  "update_time": "2010-09-27T11:53:21", 
  "description": "No evidence as yet to suggest the species are resident all year round, or that there is any self recruitment within the area. The 'population' is probably a south-eastern Australian one, of which some mobile schools are now ranging further south in summer than previously recorded. Really it appears schools of snapper are now more predictably encountered in northern Tasmania in places, and extending to southern Tasmania when conditions are favourable, particularly in warmer summers. These still seem to be fairly mobile rather than resident, and  recruitment of juveniles is still primarily in Victorian waters (Port Phillip Bay etc) from where they radiate out to places like northern Tasmania as they become bigger.Although snapper are becoming more common on the recreational fishing scene it is still unclear if they are breeding in Tasmania, and even if they are staying for the winters. It is on the Redmap list to begin determining it life cycle and seasonal behaviours, in Tasmania, more closely.Mature snapper are pink and appear to have a convex forehead in larger adults. Juveniles have blue spots over the body. Snapper have strong jaws and dorsal spines capable of breaking off in a wound.They feed on mussels; oysters; fish sea urchins; crabs, prawns and worms. AKA: Shnapper, Cockney Bream, Red Bream, SquireFamily: SPARIDAE known as breamsHabitat: Reef and open waterSize: These guys can get big, although growth is slow - over 1 metre and up to 20 kilogramsImage: Peter GouldthorpeLog it: Log the snapper only if you spot it south of Maria Island.", 
  "synonym_for": null, 
  "superseded_id": null, 
  "habitat_picture_url": "", 
  "active": 0, 
  "species_epithet": "auratus", 
  "reference": "Edgar, 2008; Gomon, Bray & Kuiter, 2008", 
  "update_number": 6, 
  "class_field": "Actinopterygii", 
  "caab_code": "37 353001", 
  "genus": "Pagrus", 
  "order": "Perciformes", 
  "history": "Previously Chrysophrys auratus"
 }
}, 
{
 "pk": 2011, 
 "model": "redmapdb.species", 
 "fields": {
  "species_name": "Ophthalmolepis lineolatus", 
  "family": "Labridae", 
  "distribution_latitude_south_limit": "-39", 
  "related": "<p>Species names on the Redmap site are based on the&nbsp;Codes for Australian Aquatic Biota or CAAB (<a href=\\http://www.cmar.csiro.au/caab/\\\" title=\\\"blocked::http://www.cmar.csiro.au/caab/\\\">http://www.cmar.csiro.au/caab/</a>). This is updated regularly and lists the approved common name, family, species name&nbsp;and more.</p><div>&nbsp;</div><div>Redmap species descriptions were based, with permission on the following books.</div><div>&nbsp;</div><ul type=\\\"disc\\\" style=\\\"margin-top: 0cm;\\\">    <li>Australian Marine Life: The Plants and Animals of Temperate Waters by G. J. Edgar, Revised (2008) Reed Books, Melbourne <br />    &nbsp;</li>    <li>Fishes of Australia&rsquo;s Southern Coast, Edited by M. Gomon. D. Bray and R. Kuiter (2008)&nbsp;Reed Books, Melbourne <br />    &nbsp;</li>    <li>Fishes of Tasmania by P. Last, E. Scott and F. Talbot (1983). Tasmanian Fisheries Development Authority, Hobart</li></ul>\"", 
  "letter_code": "OLI", 
  "species_taxonomic_group": 1, 
  "featured": 0, 
  "phylum": "Chordata", 
  "rls_code": null, 
  "common_name": "Maori wrasse", 
  "authority": "(Valenciennes, 1839)", 
  "html_name": "<i>Ophthalmolepis lineolatus</i>", 
  "picture_url": "pictures/d542ec4287d9c74bdee0828d50466e4d/full.full", 
  "numeric_code": null, 
  "notes": "Abundant on reefs in moderate water depths, inquisitive species. Common name from the conspicuous blue lines on the head resembling tattoos of the NZ Maoris.", 
  "species_report_group": null, 
  "short_description": "Larger fish have bright blue tattoo markings around the eyes and face. Females and juveniles have three long stripes along the length of the body. These longitudinal stripes are red-brown at the top, a thin white stripe in the middle and a green belly stripe.  The males have a greener colour on upper body and often have a black and white stripe running the length of their body.Log the southern maori wrasse wherever it is spotted in Tasmanian waters.", 
  "display_superseded": 0, 
  "update_time": "2010-04-20T13:15:48", 
  "description": "Known to inhabit waters from southern Queensland to Victoria and west to central coast of Western Australia. In Tasmania this species is usually associated with the Kent Group islands in the Bass Strait. Larger fish have bright blue tattoo markings around the eyes and face and it is these distinctive facial markings, likened to New Zealand Maori tattoos, that have resulted in the name for this wrasse.  Females and juveniles have the appearance of  three long, coloured stripes along the length of the body. These longitudinal stripes are red-brown at the top, a thin white stripe in the middle and a green belly stripe.  The males have a greener colour on upper body and often have a black and white stripe running the length of their body.AKA: Maori WrasseFamily: LABRIDAE known as wrassesFamily members also on the Redmap list: snakeskin wrasse, crimsonband wrasse, eastern blue groperHabitat: Exposed reefSize: Up to approximately 40 cm.Image: G. EdgarLog it: Log the southern maori wrasse wherever it is spotted in Tasmanian waters.", 
  "synonym_for": null, 
  "superseded_id": null, 
  "habitat_picture_url": "", 
  "active": 0, 
  "species_epithet": "lineolatus", 
  "reference": "Edgar, 2008; Gomon, Bray & Kuiter, 2008", 
  "update_number": 4, 
  "class_field": "Actinopterygii", 
  "caab_code": "37 384040", 
  "genus": "Ophthalmolepis", 
  "order": "Perciformes", 
  "history": null
 }
}, 
{
 "pk": 2202, 
 "model": "redmapdb.species", 
 "fields": {
  "species_name": "Coryphaena hippurus", 
  "family": "Coryphaenidae", 
  "distribution_latitude_south_limit": "-39", 
  "related": "<p>Species names on the Redmap site are based on the <i>Codes for Australian Aquatic Biota or </i>CAAB (<a href=\\http://www.cmar.csiro.au/caab/\\\" title=\\\"blocked::http://www.cmar.csiro.au/caab/\\\"><span style=\\\"color: windowtext;\\\">http://www.cmar.csiro.au/caab/</span><span style=\\\"color: windowtext;\\\">). </span></a></p><div>This is updated regularly and lists the approved common name, family, species name&nbsp;and more.</div><div>&nbsp;</div><div>Redmap species descriptions were based, with permission from the following books.</div><div>&nbsp;</div><ul type=\\\"disc\\\" style=\\\"margin-top: 0cm;\\\">    <li><b>Australian Marine Life: The Plants and Animals of Temperate Waters</b> by G. J. Edgar, Revised (2008) Reed Books, Melbourne</li></ul><ul type=\\\"disc\\\" style=\\\"margin-top: 0cm;\\\">    <li><b>Fishes of Australia&rsquo;s Southern Coast</b>, Edited by M. Gomon. D. Bray and R. Kuiter (2008)&nbsp;Reed Books, Melbourne</li></ul><ul type=\\\"disc\\\" style=\\\"margin-top: 0cm;\\\">    <li><b>Fishes of Tasmania</b> by P. Last, E. Scott and F. Talbot (1983). Tasmanian Fisheries Development Authority, Hobart</li></ul>\"", 
  "letter_code": "CHIP", 
  "species_taxonomic_group": 1, 
  "featured": 0, 
  "phylum": "Chordata", 
  "rls_code": null, 
  "common_name": "Mahi Mahi (dolphin fish)", 
  "authority": "Linnaeus, 1758", 
  "html_name": "<i>Coryphaena hippurus</i>", 
  "picture_url": "pictures/e181bc8052f6be12bb09c2ea595fcca6/full.full", 
  "numeric_code": null, 
  "notes": "Also Lord Howe Island; Oceanic", 
  "species_report_group": null, 
  "short_description": "Also known as dolphin fish, this species is very bright with colourful blues and yellows which fade quickly upon death. Older male fish have a steep forehead, like a lump (hump headed).Log this species wherever it is spotted in Tasmanian waters.", 
  "display_superseded": 0, 
  "update_time": "2010-04-20T13:09:48", 
  "description": "Common to global tropical waters. This is a highly migratory species, not common to Tasmania. This species is very bright with colourful blues and yellows which fade quickly upon death. Older male fish have a steep forehead, like a lump (hump headed).They are not related to dolphins.AKA: Dolphinfish, Common DolphinfishFamily: CORYPHAENIDAEHabitat: Pelagic open oceanSize: Up to 2 metres.Image: NSW DPILog it: Log this species wherever it is spotted in Tasmanian waters.", 
  "synonym_for": null, 
  "superseded_id": null, 
  "habitat_picture_url": "", 
  "active": 0, 
  "species_epithet": "hippurus", 
  "reference": "http://www.environment.gov.au/biodiversity/abrs/online-resources/fauna/afd/taxa/Coryphaena_hippurus", 
  "update_number": 16, 
  "class_field": "Actinopterygii", 
  "caab_code": "37 338001", 
  "genus": "Coryphaena", 
  "order": "Perciformes", 
  "history": null
 }
}, 
{
 "pk": 2270, 
 "model": "redmapdb.species", 
 "fields": {
  "species_name": "Heteroscarus acroptilus", 
  "family": "Odacidae", 
  "distribution_latitude_south_limit": "-42.667", 
  "related": "<p>&nbsp;</p><div>Species names on the Redmap site are based on the&nbsp;Codes for Australian Aquatic Biota or CAAB (<a title=\\blocked::http://www.cmar.csiro.au/caab/\\\" href=\\\"http://www.cmar.csiro.au/caab/\\\">http://www.cmar.csiro.au/caab/</a>). This is updated regularly and lists the approved common name, family, species name&nbsp;and more.</div><div>&nbsp;</div><div>Redmap species descriptions were based, with permission on the following books.</div><div>&nbsp;</div><ul style=\\\"margin-top: 0cm\\\" type=\\\"disc\\\">    <li>Australian Marine Life: The Plants and Animals of Temperate Waters by G. J. Edgar, Revised (2008) Reed Books, Melbourne <br />    &nbsp;</li>    <li>Fishes of Australia&rsquo;s Southern Coast, Edited by M. Gomon. D. Bray and R. Kuiter (2008)&nbsp;Reed Books, Melbourne <br />    &nbsp;</li>    <li>Fishes of Tasmania by P. Last, E. Scott and F. Talbot (1983). Tasmanian Fisheries Development Authority, Hobart</li></ul>\"", 
  "letter_code": "HACR", 
  "species_taxonomic_group": 1, 
  "featured": 0, 
  "phylum": "Chordata", 
  "rls_code": null, 
  "common_name": "Rainbow cale", 
  "authority": "(Richardson, 1846)", 
  "html_name": "<i>Heteroscarus acroptilus</i>", 
  "picture_url": "pictures/9f395f7bbb1e52a0941376c7bcbe439d/full.full", 
  "numeric_code": null, 
  "notes": "Common in seagrass beds and on exposed rocky reefs, but generally remain hidden among plants and are therefore difficult to observe. Pronounced sexual differences in shape, males have two long dorsal spines are brightly coloured, females are dull in appearance and lack extended dorsal spines. ", 
  "species_report_group": null, 
  "short_description": "Males and large females are brightly coloured and have two elongated spines on dorsal fins and dark rectangular blotches in rows along the length of their flank, purplish bands across a light orange/brown body.  Juveniles and small females are speckled light brown, white and red-brown.Spotted around the Bass Strait islands and down the east coast to Maria Island. Log it if you spot it south of Maria Island and directly off the north coast.", 
  "display_superseded": 0, 
  "update_time": "2010-04-20T13:12:47", 
  "description": "Rainbow cale have a known range from the central coast of New South Wales, around the temperate south of Australia to the central coast of Western Australia. They are also found in Bass Strait and down the east coast to Maria Island.The mouths of the rainbow cale are beak like and the males are brightly coloured and have two elongated spines on dorsal fins.  The males and larger females have dark rectangular blotches in rows along the length of their flank and purplish bands across a light orange/brown body. Juveniles and small females are brown white and red brown and speckled looking. Simular to wrasses, the dominant female will become male if the dominant male is lost. AKA: Rainbow FishFamily ODACIDAE known as rock whitingFamily members also on the REDMAP List: Herring CaleHabitat: Exposed reef and sea grassSize: under 30cmImage: Simon TalbotLog it: Log it if you spot it south of Maria Island and directly off the north coast.", 
  "synonym_for": null, 
  "superseded_id": null, 
  "habitat_picture_url": "", 
  "active": 0, 
  "species_epithet": "acroptilus", 
  "reference": "Clements et al., 2004; Edgar, 2008; Gomon, Bray & Kuiter, 2008", 
  "update_number": 8, 
  "class_field": "Actinopterygii", 
  "caab_code": "37 385010", 
  "genus": "Heteroscarus", 
  "order": "Perciformes", 
  "history": "Previously Odax acroptilus"
 }
}, 
{
 "pk": 2271, 
 "model": "redmapdb.species", 
 "fields": {
  "species_name": "Olisthops cyanomelas", 
  "family": "Odacidae", 
  "distribution_latitude_south_limit": "-43", 
  "related": "<p>Species names on the Redmap site are based on the&nbsp;Codes for Australian Aquatic Biota or CAAB (<a title=\\blocked::http://www.cmar.csiro.au/caab/\\\" href=\\\"http://www.cmar.csiro.au/caab/\\\">http://www.cmar.csiro.au/caab/</a>). This is updated regularly and lists the approved common name, family, species name&nbsp;and more.</p><div>&nbsp;</div><div>Redmap species descriptions were based, with permission on the following books.</div><div>&nbsp;</div><ul style=\\\"margin-top: 0cm\\\" type=\\\"disc\\\">    <li>Australian Marine Life: The Plants and Animals of Temperate Waters by G. J. Edgar, Revised (2008) Reed Books, Melbourne <br />    &nbsp;</li>    <li>Fishes of Australia&rsquo;s Southern Coast, Edited by M. Gomon. D. Bray and R. Kuiter (2008)&nbsp;Reed Books, Melbourne <br />    &nbsp;</li>    <li>Fishes of Tasmania by P. Last, E. Scott and F. Talbot (1983). Tasmanian Fisheries Development Authority, Hobart</li></ul>\"", 
  "letter_code": "OCY", 
  "species_taxonomic_group": 1, 
  "featured": 0, 
  "phylum": "Chordata", 
  "rls_code": null, 
  "common_name": "Herring cale", 
  "authority": "Richardson, 1850", 
  "html_name": "<i>Olisthops cyanomelas</i>", 
  "picture_url": "pictures/c883c1394a83bbfa87f402a4a41c8a83/full.full", 
  "numeric_code": null, 
  "notes": "Abundant in the surge zone among large macroalgae. Feed on the macroalgae, Ecklonia radiata, Phyllospora comosa & Lessonia corrugata. Juveniles and females mottled greenish brown and males dark with light blue stripes along the top and bottom of the tail.", 
  "species_report_group": null, 
  "short_description": "Males are dark, almost black with bright blue tail fin and blue snout stripes. Females are olive brown and lightly banded with wavy blue lines on head. Juveniles are grey to brown and marked with darker brown and a white stripe along its mid-section.Log it if you spot it south of Tasman Peninsula.", 
  "display_superseded": 0, 
  "update_time": "2010-04-20T13:08:08", 
  "description": "Herring Cale are common from the central coast of Western Australia, South Australia and Victoria, and up the east coast of the mainland to southern Queensland. In Tasmania, Herring Cale are usually associated with northern Tasmania and southward to Tasman Peninsula. Herring Cale are not usually caught on a line as they feed on reefs on brown algae.MALES: Dark, almost black with a bright blue tail-fin and snout stripes. FEMALES: Olive brown and lightly banded with wavy blue lines on the head. JUVENILES: Grey to brown and marked with darker brown and a white stripe along its mid-section.Family: ODACIDAE known as rock whitingFamily member also on the REDMAP List: Rainbow CaleHabitat: Exposed reef and kelp Size: Up to 50 cm plusImage: Simon TalbotLog it: Log it if you spot it south of Tasman Peninsula.", 
  "synonym_for": null, 
  "superseded_id": null, 
  "habitat_picture_url": "", 
  "active": 0, 
  "species_epithet": "cyanomelas", 
  "reference": "Edgar, 2008; Gomon, Bray & Kuiter, 2008 Clements et al., 2004", 
  "update_number": 8, 
  "class_field": "Actinopterygii", 
  "caab_code": "37 385001", 
  "genus": "Olisthops", 
  "order": "Perciformes", 
  "history": "Previously Odax cyanomelas"
 }
}, 
{
 "pk": 2275, 
 "model": "redmapdb.species", 
 "fields": {
  "species_name": "Galeocerdo cuvier", 
  "family": "Carcharhinidae", 
  "distribution_latitude_south_limit": "-39", 
  "related": "<p>Species names on the Redmap site are based on the&nbsp;Codes for Australian Aquatic Biota or CAAB (<a title=\\blocked::http://www.cmar.csiro.au/caab/\\\" href=\\\"http://www.cmar.csiro.au/caab/\\\">http://www.cmar.csiro.au/caab/</a>). This is updated regularly and lists the approved common name, family, species name&nbsp;and more.</p><div>&nbsp;</div><div>Redmap species descriptions were based, with permission on the following books.</div><div>&nbsp;</div><ul style=\\\"margin-top: 0cm\\\" type=\\\"disc\\\">    <li>Australian Marine Life: The Plants and Animals of Temperate Waters by G. J. Edgar, Revised (2008) Reed Books, Melbourne <br />    &nbsp;</li>    <li>Fishes of Australia&rsquo;s Southern Coast, Edited by M. Gomon. D. Bray and R. Kuiter (2008)&nbsp;Reed Books, Melbourne<br />    &nbsp;</li>    <li>Fishes of Tasmania by P. Last, E. Scott and F. Talbot (1983). Tasmanian Fisheries Development Authority, Hobart</li></ul>\"", 
  "letter_code": "GCU", 
  "species_taxonomic_group": 43, 
  "featured": 0, 
  "phylum": "Chordata", 
  "rls_code": null, 
  "common_name": "Tiger shark", 
  "authority": "(P\u00e9ron & Lesueur, 1822)", 
  "html_name": "<i>Galeocerdo cuvier</i>", 
  "picture_url": "pictures/04f49e7a3619a453404db99f4678649d/full.full", 
  "numeric_code": null, 
  "notes": "Also Lord Howe Island.", 
  "species_report_group": null, 
  "short_description": "This is a big shark, the second biggest of the predatory sharks. If you are lucky enough to see one it will be identifiable by its big teeth and dark stripes or bands down its body.Log a tiger shark sighting wherever it is spotted in Tasmanian waters.", 
  "display_superseded": 0, 
  "update_time": "2010-07-27T10:11:01", 
  "description": "This shark is usually associated with warm waters such as in Western Australia, tropical north Queensland and southern New South Wales.  It is uncommon in Tasmania, although has been sighted at Eddystone Point (north-east Tasmania).This is a big shark, the second biggest of the predatory sharks, and if you are lucky enough to see one it will be identifiable by its big teeth and dark stripes or bands down its body. Bands are faint in adults over 3m.Family: CARCHARHINIDAE or whaler sharksHabitat: Tropical and subtropical watersSize: Up to 6 metersImage: William White, CSIROLog it: Log a tiger shark sighting wherever it is spotted in Tasmanian waters.", 
  "synonym_for": null, 
  "superseded_id": null, 
  "habitat_picture_url": "", 
  "active": 0, 
  "species_epithet": "cuvier", 
  "reference": "http://www.environment.gov.au/biodiversity/abrs/online-resources/fauna/afd/taxa/Galeocerdo_cuvier", 
  "update_number": 7, 
  "class_field": "Chondrichthyes", 
  "caab_code": "37 018022", 
  "genus": "Galeocerdo", 
  "order": "Carcharhiniformes", 
  "history": null
 }
}, 
{
 "pk": 2, 
 "model": "redmapdb.accuracy", 
 "fields": {
  "update_number": 0, 
  "code": "10", 
  "description": "Within 10 metres"
 }
}, 
{
 "pk": 3, 
 "model": "redmapdb.accuracy", 
 "fields": {
  "update_number": 0, 
  "code": "100", 
  "description": "Within 100 metres"
 }
}, 
{
 "pk": 7, 
 "model": "redmapdb.accuracy", 
 "fields": {
  "update_number": 0, 
  "code": "1000", 
  "description": "Within 1 kilometre"
 }
}, 
{
 "pk": 8, 
 "model": "redmapdb.accuracy", 
 "fields": {
  "update_number": 0, 
  "code": "10000", 
  "description": "Within 10 kilometres"
 }
}, 
{
 "pk": 9, 
 "model": "redmapdb.accuracy", 
 "fields": {
  "update_number": 0, 
  "code": "100000", 
  "description": "Within 100 kilometres"
 }
}, 
{
 "pk": 11, 
 "model": "redmapdb.accuracy", 
 "fields": {
  "update_number": 0, 
  "code": "100000+", 
  "description": "Greater than 100 kilometres"
 }
}, 
{
 "pk": 1, 
 "model": "redmapdb.sex", 
 "fields": {
  "update_number": 0, 
  "code": "U", 
  "description": "Unknown"
 }
}, 
{
 "pk": 2, 
 "model": "redmapdb.sex", 
 "fields": {
  "update_number": 0, 
  "code": "M", 
  "description": "Male"
 }
}, 
{
 "pk": 3, 
 "model": "redmapdb.sex", 
 "fields": {
  "update_number": 0, 
  "code": "F", 
  "description": "Female"
 }
}, 
{
 "pk": 4, 
 "model": "redmapdb.sex", 
 "fields": {
  "update_number": 0, 
  "code": "J", 
  "description": "Juvenile"
 }
}, 
{
 "pk": 1, 
 "model": "redmapdb.count", 
 "fields": {
  "update_number": 0, 
  "code": "1", 
  "description": "1"
 }
}, 
{
 "pk": 1, 
 "model": "redmapdb.weightmethod", 
 "fields": {
  "update_number": 1, 
  "code": "M", 
  "description": "Measured"
 }
}, 
{
 "pk": 2, 
 "model": "redmapdb.weightmethod", 
 "fields": {
  "update_number": 1, 
  "code": "E", 
  "description": "Estimated"
 }
}, 
{
 "pk": 1, 
 "model": "redmapdb.sizemethod", 
 "fields": {
  "update_number": 0, 
  "code": "E", 
  "description": "Estimated"
 }
}, 
{
 "pk": 2, 
 "model": "redmapdb.sizemethod", 
 "fields": {
  "update_number": 0, 
  "code": "M", 
  "description": "Measured"
 }
}, 
{
 "pk": 1, 
 "model": "redmapdb.habitat", 
 "fields": {
  "update_number": 1, 
  "code": "RE", 
  "description": "Reef"
 }
}, 
{
 "pk": 2, 
 "model": "redmapdb.habitat", 
 "fields": {
  "update_number": 1, 
  "code": "SA", 
  "description": "Sand"
 }
}, 
{
 "pk": 3, 
 "model": "redmapdb.habitat", 
 "fields": {
  "update_number": 1, 
  "code": "SE", 
  "description": "Seagrass"
 }
}, 
{
 "pk": 1, 
 "model": "redmapdb.activity", 
 "fields": {
  "update_number": 0, 
  "code": "F", 
  "description": "Fishing"
 }
}, 
{
 "pk": 2, 
 "model": "redmapdb.activity", 
 "fields": {
  "update_number": 0, 
  "code": "D", 
  "description": "Diving"
 }
}, 
{
 "pk": 3, 
 "model": "redmapdb.activity", 
 "fields": {
  "update_number": 0, 
  "code": "S", 
  "description": "Swimming"
 }
}, 
{
 "pk": 4, 
 "model": "redmapdb.activity", 
 "fields": {
  "update_number": 0, 
  "code": "B", 
  "description": "Boating"
 }
}, 
{
 "pk": 5, 
 "model": "redmapdb.activity", 
 "fields": {
  "update_number": 0, 
  "code": "C", 
  "description": "Beach combing"
 }
}, 
{
 "pk": 1, 
 "model": "redmapdb.time", 
 "fields": {
  "update_number": 1, 
  "code": "00", 
  "description": "00:00 am (Midnight)"
 }
}, 
{
 "pk": 2, 
 "model": "redmapdb.time", 
 "fields": {
  "update_number": 0, 
  "code": "01", 
  "description": "01:00 am"
 }
}, 
{
 "pk": 3, 
 "model": "redmapdb.time", 
 "fields": {
  "update_number": 0, 
  "code": "01", 
  "description": "02:00 am"
 }
}, 
{
 "pk": 4, 
 "model": "redmapdb.time", 
 "fields": {
  "update_number": 0, 
  "code": "02", 
  "description": "02:00 am"
 }
}, 
{
 "pk": 5, 
 "model": "redmapdb.time", 
 "fields": {
  "update_number": 0, 
  "code": "03", 
  "description": "03:00 am"
 }
}, 
{
 "pk": 6, 
 "model": "redmapdb.time", 
 "fields": {
  "update_number": 0, 
  "code": "04", 
  "description": "04:00 am"
 }
}, 
{
 "pk": 7, 
 "model": "redmapdb.time", 
 "fields": {
  "update_number": 0, 
  "code": "05", 
  "description": "05:00 am"
 }
}, 
{
 "pk": 8, 
 "model": "redmapdb.time", 
 "fields": {
  "update_number": 0, 
  "code": "06", 
  "description": "06:00 am"
 }
}, 
{
 "pk": 9, 
 "model": "redmapdb.time", 
 "fields": {
  "update_number": 0, 
  "code": "07", 
  "description": "07:00 am"
 }
}, 
{
 "pk": 10, 
 "model": "redmapdb.time", 
 "fields": {
  "update_number": 0, 
  "code": "08", 
  "description": "08:00 am"
 }
}, 
{
 "pk": 11, 
 "model": "redmapdb.time", 
 "fields": {
  "update_number": 0, 
  "code": "09", 
  "description": "09:00 am"
 }
}, 
{
 "pk": 12, 
 "model": "redmapdb.time", 
 "fields": {
  "update_number": 0, 
  "code": "10", 
  "description": "10:00 am"
 }
}, 
{
 "pk": 13, 
 "model": "redmapdb.time", 
 "fields": {
  "update_number": 0, 
  "code": "11", 
  "description": "11:00 am"
 }
}, 
{
 "pk": 14, 
 "model": "redmapdb.time", 
 "fields": {
  "update_number": 1, 
  "code": "12", 
  "description": "12:00 pm (Noon)"
 }
}, 
{
 "pk": 15, 
 "model": "redmapdb.time", 
 "fields": {
  "update_number": 0, 
  "code": "13", 
  "description": "01:00 pm"
 }
}, 
{
 "pk": 16, 
 "model": "redmapdb.time", 
 "fields": {
  "update_number": 0, 
  "code": "14", 
  "description": "02:00 pm"
 }
}, 
{
 "pk": 17, 
 "model": "redmapdb.time", 
 "fields": {
  "update_number": 0, 
  "code": "15", 
  "description": "03:00 pm"
 }
}, 
{
 "pk": 18, 
 "model": "redmapdb.time", 
 "fields": {
  "update_number": 0, 
  "code": "16", 
  "description": "04:00 pm"
 }
}, 
{
 "pk": 19, 
 "model": "redmapdb.time", 
 "fields": {
  "update_number": 0, 
  "code": "17", 
  "description": "05:00 pm"
 }
}, 
{
 "pk": 20, 
 "model": "redmapdb.time", 
 "fields": {
  "update_number": 0, 
  "code": "18", 
  "description": "06:00 pm"
 }
}, 
{
 "pk": 21, 
 "model": "redmapdb.time", 
 "fields": {
  "update_number": 0, 
  "code": "19", 
  "description": "07:00 pm"
 }
}, 
{
 "pk": 22, 
 "model": "redmapdb.time", 
 "fields": {
  "update_number": 0, 
  "code": "20", 
  "description": "08:00 pm"
 }
}, 
{
 "pk": 23, 
 "model": "redmapdb.time", 
 "fields": {
  "update_number": 0, 
  "code": "21", 
  "description": "09:00 pm"
 }
}, 
{
 "pk": 24, 
 "model": "redmapdb.time", 
 "fields": {
  "update_number": 0, 
  "code": "22", 
  "description": "10:00 pm"
 }
}, 
{
 "pk": 25, 
 "model": "redmapdb.time", 
 "fields": {
  "update_number": 0, 
  "code": "23", 
  "description": "11:00 pm"
 }
}, 
{
 "pk": 26, 
 "model": "redmapdb.time", 
 "fields": {
  "update_number": 1, 
  "code": "NS", 
  "description": "Not sure"
 }
}, 
{
 "pk": 2, 
 "model": "redmapdb.organisation", 
 "fields": {
  "description": "Institute for Marine and Antarctic Studies", 
  "url": null, 
  "citation": "TBA", 
  "update_number": 0, 
  "image_url": "", 
  "blurb": null
 }
}, 
{
 "pk": 4, 
 "model": "redmapdb.organisation", 
 "fields": {
  "description": "VIC Museum", 
  "url": null, 
  "citation": "TBA", 
  "update_number": 0, 
  "image_url": "", 
  "blurb": null
 }
}, 
{
 "pk": 5, 
 "model": "redmapdb.organisation", 
 "fields": {
  "description": "NSW Department of Primary Industries", 
  "url": null, 
  "citation": "TBA", 
  "update_number": 0, 
  "image_url": "", 
  "blurb": null
 }
}, 
{
 "pk": 6, 
 "model": "redmapdb.organisation", 
 "fields": {
  "description": "WA Department of Fisheries", 
  "url": null, 
  "citation": "TBA", 
  "update_number": 0, 
  "image_url": "", 
  "blurb": null
 }
}, 
{
 "pk": 7, 
 "model": "redmapdb.organisation", 
 "fields": {
  "description": "PIRSA Fisheries & Aquaculture", 
  "url": null, 
  "citation": "TBA", 
  "update_number": 0, 
  "image_url": "", 
  "blurb": null
 }
}, 
{
 "pk": 8, 
 "model": "redmapdb.organisation", 
 "fields": {
  "description": "University of Newcastle", 
  "url": null, 
  "citation": "TBA", 
  "update_number": 0, 
  "image_url": "", 
  "blurb": null
 }
}, 
{
 "pk": 9, 
 "model": "redmapdb.organisation", 
 "fields": {
  "description": "Rec Fish Australia", 
  "url": null, 
  "citation": "TBA", 
  "update_number": 0, 
  "image_url": "", 
  "blurb": null
 }
}, 
{
 "pk": 10, 
 "model": "redmapdb.organisation", 
 "fields": {
  "description": "Seafood Industry Council", 
  "url": null, 
  "citation": "TBA", 
  "update_number": 0, 
  "image_url": "", 
  "blurb": null
 }
}, 
{
 "pk": 11, 
 "model": "redmapdb.organisation", 
 "fields": {
  "description": "SDFSA", 
  "url": null, 
  "citation": "TBA", 
  "update_number": 0, 
  "image_url": "", 
  "blurb": null
 }
}, 
{
 "pk": 12, 
 "model": "redmapdb.organisation", 
 "fields": {
  "description": "OceanWatch Australia", 
  "url": null, 
  "citation": "TBA", 
  "update_number": 0, 
  "image_url": "", 
  "blurb": null
 }
}, 
{
 "pk": 13, 
 "model": "redmapdb.organisation", 
 "fields": {
  "description": "Charles Darwin University", 
  "url": null, 
  "citation": "TBA", 
  "update_number": 0, 
  "image_url": "", 
  "blurb": null
 }
}, 
{
 "pk": 15, 
 "model": "redmapdb.organisation", 
 "fields": {
  "description": "Vic Fisheries", 
  "url": null, 
  "citation": "TBA", 
  "update_number": 0, 
  "image_url": "", 
  "blurb": null
 }
}, 
{
 "pk": 16, 
 "model": "redmapdb.organisation", 
 "fields": {
  "description": "CSIRO Marine Research", 
  "url": null, 
  "citation": "TBA", 
  "update_number": 0, 
  "image_url": "", 
  "blurb": null
 }
}, 
{
 "pk": 17, 
 "model": "redmapdb.organisation", 
 "fields": {
  "description": "DAFF", 
  "url": null, 
  "citation": "TBA", 
  "update_number": 0, 
  "image_url": "", 
  "blurb": null
 }
}, 
{
 "pk": 1, 
 "model": "redmapdb.jurisdiction", 
 "fields": {
  "update_number": 0, 
  "organisation": 6, 
  "description": "Western Australia"
 }
}, 
{
 "pk": 2, 
 "model": "redmapdb.jurisdiction", 
 "fields": {
  "update_number": 0, 
  "organisation": 7, 
  "description": "South Australia"
 }
}, 
{
 "pk": 3, 
 "model": "redmapdb.jurisdiction", 
 "fields": {
  "update_number": 0, 
  "organisation": 8, 
  "description": "New South Wales"
 }
}, 
{
 "pk": 4, 
 "model": "redmapdb.jurisdiction", 
 "fields": {
  "update_number": 0, 
  "organisation": 4, 
  "description": "Victoria"
 }
}, 
{
 "pk": 5, 
 "model": "redmapdb.jurisdiction", 
 "fields": {
  "update_number": 0, 
  "organisation": 2, 
  "description": "Tasmania"
 }
}, 
{
 "pk": 1, 
 "model": "redmapdb.region", 
 "fields": {
  "update_number": 0, 
  "jurisdiction": 1, 
  "description": "Western Australia"
 }
}, 
{
 "pk": 2, 
 "model": "redmapdb.region", 
 "fields": {
  "update_number": 0, 
  "jurisdiction": 2, 
  "description": "South Australia"
 }
}, 
{
 "pk": 3, 
 "model": "redmapdb.region", 
 "fields": {
  "update_number": 0, 
  "jurisdiction": 3, 
  "description": "New South Wales"
 }
}, 
{
 "pk": 4, 
 "model": "redmapdb.region", 
 "fields": {
  "update_number": 0, 
  "jurisdiction": 4, 
  "description": "Victoria"
 }
}, 
{
 "pk": 5, 
 "model": "redmapdb.region", 
 "fields": {
  "update_number": 0, 
  "jurisdiction": 5, 
  "description": "Tasmania"
 }
}, 
{
 "pk": 1, 
 "model": "redmapdb.sightingtrackingstatus", 
 "fields": {
  "update_number": 1, 
  "code": "UKN", 
  "description": "Requires Validation"
 }
}, 
{
 "pk": 2, 
 "model": "redmapdb.sightingtrackingstatus", 
 "fields": {
  "update_number": 1, 
  "code": "VLD", 
  "description": "Valid Sighting"
 }
}, 
{
 "pk": 3, 
 "model": "redmapdb.sightingtrackingstatus", 
 "fields": {
  "update_number": 1, 
  "code": "IVD", 
  "description": "Invalid Sighting"
 }
}, 
{
 "pk": 4, 
 "model": "redmapdb.sightingtrackingstatus", 
 "fields": {
  "update_number": 1, 
  "code": "REA", 
  "description": "Reassigned"
 }
}, 
{
 "pk": 1, 
 "model": "redmapdb.person", 
 "fields": {
  "image": "", 
  "update_number": 1, 
  "about_me": "", 
  "postcode": null, 
  "organisation": null, 
  "facebook_name": "", 
  "joined_mailing_list_on_signup": null, 
  "state": null, 
  "date_of_birth": null, 
  "facebook_id": null, 
  "website_url": "", 
  "fax": null, 
  "occupation_interest": null, 
  "suburb": null, 
  "facebook_profile_url": "", 
  "user": 1, 
  "address": null, 
  "trust_level": 1, 
  "phone": "", 
  "access_token": "", 
  "gender": null, 
  "mobile": null, 
  "image_url": "", 
  "blog_url": "", 
  "raw_data": "", 
  "is_available": 1
 }
}, 
{
 "pk": 2, 
 "model": "redmapdb.person", 
 "fields": {
  "image": "", 
  "update_number": 1, 
  "about_me": "", 
  "postcode": null, 
  "organisation": null, 
  "facebook_name": "", 
  "joined_mailing_list_on_signup": null, 
  "state": null, 
  "date_of_birth": null, 
  "facebook_id": null, 
  "website_url": "", 
  "fax": null, 
  "occupation_interest": null, 
  "suburb": null, 
  "facebook_profile_url": "", 
  "user": 2, 
  "address": null, 
  "trust_level": 1, 
  "phone": "", 
  "access_token": "", 
  "gender": null, 
  "mobile": null, 
  "image_url": "", 
  "blog_url": "", 
  "raw_data": "", 
  "is_available": 1
 }
}, 
{
 "pk": 3, 
 "model": "redmapdb.person", 
 "fields": {
  "image": "", 
  "update_number": 1, 
  "about_me": "", 
  "postcode": null, 
  "organisation": null, 
  "facebook_name": "", 
  "joined_mailing_list_on_signup": null, 
  "state": null, 
  "date_of_birth": null, 
  "facebook_id": null, 
  "website_url": "", 
  "fax": null, 
  "occupation_interest": null, 
  "suburb": null, 
  "facebook_profile_url": "", 
  "user": 3, 
  "address": null, 
  "trust_level": 1, 
  "phone": "", 
  "access_token": "", 
  "gender": null, 
  "mobile": null, 
  "image_url": "", 
  "blog_url": "", 
  "raw_data": "", 
  "is_available": 1
 }
}, 
{
 "pk": 4, 
 "model": "redmapdb.person", 
 "fields": {
  "image": "", 
  "update_number": 1, 
  "about_me": "", 
  "postcode": null, 
  "organisation": null, 
  "facebook_name": "", 
  "joined_mailing_list_on_signup": null, 
  "state": null, 
  "date_of_birth": null, 
  "facebook_id": null, 
  "website_url": "", 
  "fax": null, 
  "occupation_interest": null, 
  "suburb": null, 
  "facebook_profile_url": "", 
  "user": 4, 
  "address": null, 
  "trust_level": 1, 
  "phone": "", 
  "access_token": "", 
  "gender": null, 
  "mobile": null, 
  "image_url": "", 
  "blog_url": "", 
  "raw_data": "", 
  "is_available": 1
 }
}, 
{
 "pk": 5, 
 "model": "redmapdb.person", 
 "fields": {
  "image": "", 
  "update_number": 1, 
  "about_me": "", 
  "postcode": null, 
  "organisation": null, 
  "facebook_name": "", 
  "joined_mailing_list_on_signup": null, 
  "state": null, 
  "date_of_birth": null, 
  "facebook_id": null, 
  "website_url": "", 
  "fax": null, 
  "occupation_interest": null, 
  "suburb": null, 
  "facebook_profile_url": "", 
  "user": 5, 
  "address": null, 
  "trust_level": 1, 
  "phone": "", 
  "access_token": "", 
  "gender": null, 
  "mobile": null, 
  "image_url": "", 
  "blog_url": "", 
  "raw_data": "", 
  "is_available": 1
 }
}, 
{
 "pk": 6, 
 "model": "redmapdb.person", 
 "fields": {
  "image": "", 
  "update_number": 1, 
  "about_me": "", 
  "postcode": null, 
  "organisation": null, 
  "facebook_name": "", 
  "joined_mailing_list_on_signup": null, 
  "state": null, 
  "date_of_birth": null, 
  "facebook_id": null, 
  "website_url": "", 
  "fax": null, 
  "occupation_interest": null, 
  "suburb": null, 
  "facebook_profile_url": "", 
  "user": 6, 
  "address": null, 
  "trust_level": 1, 
  "phone": "", 
  "access_token": "", 
  "gender": null, 
  "mobile": null, 
  "image_url": "", 
  "blog_url": "", 
  "raw_data": "", 
  "is_available": 1
 }
}
]